,e2e_delta
0,984524879
1,732459708
2,734638657
3,682218884
4,701555710
5,684845696
6,764490119
7,778351193
8,738609270
9,734215857
10,714903669
11,733327376
12,701711763
13,715559035
14,701493225
15,714504981
16,816383039
17,700867607
18,767403040
19,732534892
20,1068494897
21,697378883
22,733375830
23,734092391
24,618474719
25,714416819
26,700636372
27,715104892
28,770656633
29,730002421
30,670066747
31,696571246
32,521819817
33,728437278
34,679943002
35,737894680
36,186304390
37,754409699
38,150138486
39,709043480
40,117776208
41,698792390
42,126897149
43,747648803
44,557300528
45,684493510
46,715407309
47,716225014
48,735606268
49,748839847
50,750078592
51,513766959
52,752721445
53,131184108
54,718306730
55,118520633
56,716507627
57,113939980
58,700898074
59,126606790
60,690323027
61,556907419
62,750580476
63,726226021
64,700037147
65,734223691
66,731506571
67,684057860
68,716570297
69,699148618
70,700431321
71,700594134
72,716632438
73,853604803
74,746158798
75,128985843
76,754711412
77,140891408
78,775310682
79,121168489
80,728571499
81,118278451
82,698185199
83,532638450
84,718524263
85,670569407
86,712474713
87,499748258
88,733422264
89,749533797
90,565569485
91,719402653
92,714836792
93,527812338
94,739646095
95,732900505
96,492642001
97,707553294
98,119545845
99,730176929
100,561529775
101,703933108
102,751136878
103,481098524
104,752626508
105,649758546
106,801107720
107,698367050
108,717324715
109,732667138
110,716745501
111,716769774
112,717462011
113,715257856
114,716835871
115,716471551
116,700714081
117,715853380
118,735342605
119,715308282
120,716418902
121,682952199
122,700509767
123,733248768
124,716425990
125,733209448
126,767107715
127,733825281
128,715645739
129,700076236
130,701432689
131,731879932
132,733469092
133,750188279
134,734347007
135,749359588
136,749846514
137,732918945
138,716994912
139,752518848
140,696989651
141,750474331
142,749446784
143,700282607
144,733380567
145,682394158
146,717941375
147,716091595
148,750899598
149,732980574
150,731863550
151,717394302
152,717169409
153,699565332
154,701990217
155,715397650
156,779118112
157,703225110
158,494769179
159,704611980
160,527692557
161,739068996
162,959694662
163,742072369
164,716245834
165,699004255
166,751034464
167,698772956
168,717991924
169,749081613
170,699617487
171,716968808
172,757222462
173,725542361
174,716392564
175,716785376
176,700965769
177,401190391
178,730572759
179,136122081
180,714484715
181,131283980
182,702624619
183,128998367
184,738680899
185,543499165
186,705336380
187,699912085
188,716564139
189,715796384
190,701214842
191,734615250
192,748643359
193,715896909
194,701444742
195,419636716
196,696455081
197,132275541
198,734397289
199,507026701
200,741680850
201,556782498
202,711531991
203,715589525
204,670388343
205,729500604
206,509296904
207,723548395
208,511396895
209,739738890
210,565255588
211,766955736
212,121926480
213,765051841
214,126307813
215,703884021
216,137967130
217,678485033
218,119440660
219,713993036
220,630365533
221,703586005
222,122665280
223,692743456
224,118836809
225,715179596
226,117607128
227,733368675
228,117533795
229,697564895
230,500525971
231,715991577
232,549276617
233,700369207
234,117369578
235,769216787
236,128698533
237,718833807
238,127631039
239,704823460
240,121552163
241,712900870
242,557458249
243,775295930
244,504387991
245,746992634
246,136687402
247,745495716
248,114755791
249,718956368
250,130792952
251,734395252
252,159406510
253,742411568
254,127087294
255,738792681
256,502973785
257,730406005
258,136177041
259,696467527
260,125348344
261,741083716
262,716610555
263,553264585
264,712943023
265,619319993
266,697953516
267,619094683
268,731169032
269,511197607
270,728218320
271,510676362
272,717536707
273,492917855
274,722724549
275,622503944
276,761051550
277,716949006
278,750223637
279,715463807
280,716408492
281,497284924
282,703717825
283,192991769
284,730248636
285,547620931
286,712530494
287,489116789
288,727953547
289,129500934
290,703297677
291,128000889
292,770946257
293,663221729
294,704540800
295,749006940
296,769367780
297,731352184
298,716989077
299,681921592
300,716995902
301,734023582
302,699393334
303,699964477
304,732903330
305,699915678
306,700800882
307,699361672
308,716758568
309,716274509
310,717976324
311,733156356
312,715142226
313,802451702
314,715243530
315,732425636
316,734534950
317,698929184
318,716557955
319,716862173
320,699066426
321,734628391
322,766779645
323,700322153
324,715507393
325,717807904
326,699463670
327,819969863
328,731509352
329,700893978
330,747432090
331,733912832
332,716062659
333,733971949
334,699621073
335,783870878
336,733884035
337,766872890
338,716400633
339,731810924
340,733832686
341,717032039
342,732703839
343,717560059
344,814201837
345,718850628
346,715750800
347,735374144
348,747516483
349,734126132
350,733279158
351,700626241
352,601716662
353,713131912
354,486908095
355,730520946
356,716472316
357,800834884
358,699484014
359,701171090
360,715108421
361,736878994
362,622555998
363,691330255
364,748679254
365,700250892
366,817777157
367,719965384
368,712500211
369,733444801
370,749752745
371,733245115
372,812594584
373,721014708
374,122349472
375,743875225
376,131849740
377,700923816
378,122275931
379,695152021
380,119730683
381,730721853
382,116787521
383,749330464
384,117505850
385,716091039
386,131596774
387,684064629
388,125555031
389,725351050
390,116161586
391,701140437
392,538765006
393,744542056
394,704545631
395,711779868
396,698401287
397,719557646
398,531216556
399,716317559
400,524282059
401,742104106
402,498142496
403,736403353
404,527831472
405,711483628
406,720140619
407,723560448
408,525378205
409,724592215
410,118695744
411,730795157
412,515102995
413,736128414
414,748995386
415,799733482
416,146482541
417,721177498
418,124484675
419,691519670
420,126072168
421,757965036
422,138179664
423,728097990
424,716576690
425,749953149
426,749045395
427,700355571
428,716521538
429,716782527
430,717284765
431,750050030
432,733850576
433,732003449
434,751070965
435,736032130
436,730595855
437,733225843
438,715934258
439,733212303
440,750066757
441,699958138
442,733106630
443,717179725
444,717126862
445,715733224
446,752101700
447,714405472
448,700391423
449,749213019
450,718196133
451,715367918
452,716951662
453,701111319
454,749220992
455,715514796
456,701559185
457,733899972
458,715830109
459,750889687
460,733886434
461,713874079
462,734394714
463,699248785
464,733850760
465,716363082
466,716913497
467,716749019
468,733650348
469,733488684
470,714918301
471,734875762
472,699439781
473,716033455
474,700700453
475,716367361
476,716510695
477,699974730
478,770163053
479,834470672
480,728719496
481,716641636
482,493281210
483,707766939
484,715268571
485,701215095
486,732094121
487,734276091
488,717604553
489,716091853
490,749431753
491,698795998
492,750362583
493,734395991
494,716037014
495,732735896
496,700361983
497,732401420
498,700703077
499,716358787
500,700997921
501,716207279
502,717101912
503,732768924
504,716699207
505,699400849
506,700344023
507,424750081
508,709324139
509,166048769
510,699046479
511,700695222
512,546709159
513,704220207
514,733470021
515,732620912
516,717098901
517,750564321
518,733141537
519,715980418
520,701130070
521,731628630
522,718256036
523,715081780
524,700958096
525,782049965
526,716763389
527,733236752
528,716537767
529,767314671
530,732863006
531,733824305
532,716910060
533,715355432
534,717984380
535,717580268
536,732852699
537,733011293
538,402940558
539,696296565
540,516382490
541,683729540
542,125708437
543,774765689
544,534625586
545,732313904
546,573014266
547,709824790
548,512945582
549,736879928
550,502473496
551,680572270
552,571093445
553,711516140
554,512105172
555,688310049
556,700929003
557,124879328
558,757559371
559,123411471
560,693246852
561,118997376
562,730270591
563,498251540
564,735925775
565,122890067
566,727507794
567,488444347
568,712095521
569,714958529
570,716470918
571,721413866
572,712171461
573,717197532
574,716330714
575,717310086
576,699119439
577,683343053
578,700083083
579,818728796
580,681675771
581,111340434
582,705262332
583,556894930
584,742194406
585,553036355
586,697744191
587,111927567
588,688406786
589,715796299
590,110988457
591,723271943
592,681967442
593,131743520
594,735409754
595,192880223
596,740260671
597,143075084
598,707582798
599,115929425
600,716366875
601,119380868
602,680929899
603,109024561
604,723871113
605,497953798
606,719597643
607,489064620
608,760972927
609,681935211
610,684820981
611,583148417
612,716436412
613,524059206
614,709335039
615,497067401
616,753433905
617,716248031
618,488904469
619,727276367
620,540688873
621,726751892
622,525035142
623,724250446
624,565719232
625,701102895
626,508328969
627,708040573
628,531222929
629,753393444
630,544173029
631,756927492
632,614170008
633,716763090
634,545463754
635,721595986
636,511935780
637,721457811
638,489720724
639,709543334
640,494542943
641,706988138
642,501502027
643,731687248
644,542125180
645,707017412
646,497527567
647,701165824
648,483250028
649,684160902
650,529245605
651,704123887
652,603007671
653,697411886
654,494944613
655,738005092
656,489849377
657,727968367
658,501175473
659,713860723
660,473851585
661,735388961
662,724087553
663,498950902
664,718940494
665,732370279
666,489089228
667,727470666
668,756895380
669,518786129
670,708435857
671,733868558
672,715994783
673,715748639
674,699763190
675,497500548
676,719526124
677,700426522
678,749137764
679,767691485
680,536421992
681,696720082
682,482582701
683,717677283
684,733424505
685,699915071
686,716367238
687,549850321
688,733142842
689,699648043
690,495169992
691,705243384
692,699550493
693,501069133
694,716746408
695,501585018
696,713841630
697,490927722
698,727429123
699,515024439
700,750753135
701,733378109
702,648789422
703,733064726
704,717972241
705,749375645
706,522341441
707,711090451
708,108114314
709,709488948
710,113001428
711,686623165
712,108521604
713,723974041
714,733660666
715,522216236
716,710585405
717,716606472
718,752003869
719,733320618
720,731898021
721,698917907
722,717947511
723,698730409
724,734780615
725,733270519
726,717945586
727,732014692
728,700508060
729,717140540
730,715365027
731,717383301
732,699338954
733,716270859
734,734550362
735,716314558
736,1352042544
737,714949878
738,116312926
739,732676624
740,527993253
741,721231571
742,118043232
743,699858852
744,487206506
745,762634672
746,537063007
747,713160255
748,530000330
749,735530835
750,699743649
751,716666804
752,716852012
753,700147399
754,733294494
755,505535284
756,712371305
757,109890873
758,721621213
759,488173643
760,745498610
761,508027150
762,726289112
763,577794553
764,737784426
765,624853150
766,709189657
767,115243402
768,751745200
769,510858234
770,704549575
771,717746184
772,766772168
773,750591667
774,714869948
775,702056984
776,730593892
777,719025870
778,715529740
779,700294442
780,715446773
781,734053619
782,715780575
783,718052700
784,733857216
785,716246667
786,732826856
787,734440756
788,731872383
789,716648075
790,766474160
791,717618384
792,699374402
793,717465938
794,699372788
795,716442298
796,716372768
797,700239244
798,733388632
799,733256185
800,716910631
801,738492257
802,710718993
803,683712757
804,732941815
805,717444382
806,699765398
807,716014286
808,717144645
809,766523390
810,716503400
811,749462059
812,733018121
813,701997891
814,782500980
815,749883987
816,716253664
817,699972277
818,715879292
819,717140381
820,700442486
821,683946776
822,799307527
823,701581440
824,734986608
825,746255154
826,752257368
827,732183393
828,734086823
829,815106681
830,687484004
831,712286086
832,717597053
833,700473690
834,715877530
835,716185863
836,718292729
837,731745432
838,717046277
839,717798097
840,716624040
841,697896466
842,717023415
843,770759642
844,729749350
845,700556092
846,731643198
847,717552582
848,733187775
849,733823815
850,732630852
851,718633100
852,697965273
853,716877536
854,699114957
855,734221108
856,698828240
857,686626887
858,731111383
859,1086304595
860,699209960
861,731442165
862,684625805
863,752800407
864,768074978
865,727510518
866,539677367
867,693121708
868,507636047
869,725705683
870,477154304
871,722714708
872,503864814
873,730632070
874,715852967
875,716534110
876,698976478
877,718279677
878,638555020
879,711552988
880,519519438
881,729162757
882,565400700
883,722600339
884,516964189
885,728133649
886,716997030
887,531171629
888,719079627
889,127881692
890,738686366
891,123924990
892,708883005
893,495651732
894,704413441
895,733482589
896,734651906
897,699494349
898,734206649
899,732096450
900,716257664
901,733584727
902,735699093
903,698486805
904,683300620
905,716204125
906,715150380
907,700316850
908,392920769
909,691049651
910,509738395
911,723685867
912,642122414
913,724308677
914,683940570
915,716025901
916,750903930
917,732530207
918,648583274
919,719279379
920,130072413
921,734819366
922,734410045
923,520982726
924,761118577
925,407208212
926,709414423
927,490619576
928,709922287
929,832563067
930,717427256
931,731372509
932,516619049
933,701836178
934,523244022
935,710231612
936,502858796
937,714193574
938,510351317
939,739085709
940,700304260
941,515154944
942,700322854
943,750453631
944,716823723
945,699757702
946,733659225
947,769383500
948,714151965
949,734493598
950,782902299
951,698298232
952,717306433
953,734265632
954,716264407
955,734199644
956,751760091
957,713827023
958,733567564
959,732112780
960,750902544
961,752245351
962,713639735
963,715969829
964,684287620
965,699666722
966,776224054
967,691583111
968,261542746
969,739214264
970,119745847
971,711006675
972,110041617
973,725245627
974,496043472
975,719303569
976,114064777
977,769716950
978,516383335
979,716663685
980,510303205
981,722878608
982,507507436
983,708153671
984,494404784
985,706152430
986,492391876
987,692024574
988,491020632
989,708731431
990,121769954
991,710987880
992,121738236
993,728438693
994,503218186
995,697104294
996,504245423
997,711660849
998,494462703
999,722091951
1000,497113370
1001,719853159
1002,595887016
1003,703721718
1004,115965500
1005,717701450
1006,121459383
1007,695584774
1008,136965777
1009,694944777
1010,733784249
1011,718141034
1012,682098321
1013,699426895
1014,700566370
1015,733540814
1016,715610057
1017,717393748
1018,717205468
1019,733130297
1020,717537134
1021,732341551
1022,733957170
1023,732615874
1024,683894882
1025,719239420
1026,749532940
1027,731693692
1028,682453900
1029,716727245
1030,816196723
1031,750302470
1032,732846762
1033,767680262
1034,716356312
1035,734735506
1036,715142464
1037,734003999
1038,717257612
1039,732380778
1040,715495901
1041,701948354
1042,715663297
1043,699480136
1044,699639667
1045,733544837
1046,717395635
1047,733258902
1048,682980208
1049,717501053
1050,738599037
1051,726814399
1052,717259232
1053,716068717
1054,699795244
1055,717120744
1056,700993729
1057,698794259
1058,703196689
1059,714158987
1060,699501132
1061,750962531
1062,732401777
1063,733328128
1064,733368127
1065,734580935
1066,732474174
1067,705033612
1068,711383534
1069,700736807
1070,698551036
1071,701341077
1072,747853174
1073,718225434
1074,732123345
1075,735947444
1076,732732301
1077,715036074
1078,699785721
1079,683737508
1080,716624141
1081,716003936
1082,700003430
1083,717547264
1084,700535564
1085,732717305
1086,682304755
1087,700634054
1088,700566399
1089,734858808
1090,730475650
1091,716871019
1092,733993865
1093,717541434
1094,715673473
1095,717190082
1096,716761543
1097,716215712
1098,733541318
1099,732967153
1100,700148019
1101,699731251
1102,717573833
1103,716240610
1104,765552175
1105,751019893
1106,699332504
1107,717523887
1108,732118618
1109,751606819
1110,698596051
1111,422568815
1112,711172926
1113,113515674
1114,702586035
1115,827761504
1116,706094615
1117,487967971
1118,745420910
1119,498627770
1120,685176421
1121,499381674
1122,735194027
1123,529995974
1124,717948526
1125,653697908
1126,718302693
1127,487569589
1128,741003641
1129,527812235
1130,722052418
1131,1528780109
1132,705829674
1133,513454587
1134,716814993
1135,509093512
1136,724826367
1137,529398844
1138,721918254
1139,493071288
1140,690236720
1141,715692239
1142,548438402
1143,718337021
1144,682913209
1145,733682010
1146,683026387
1147,751299282
1148,698668354
1149,733618627
1150,699547309
1151,700281213
1152,700057881
1153,699414030
1154,833684620
1155,715876566
1156,493620352
1157,723850701
1158,492282129
1159,724604761
1160,501689225
1161,715010270
1162,503776301
1163,729627242
1164,519380455
1165,730116563
1166,733567121
1167,717626042
1168,480188482
1169,718614372
1170,733357853
1171,732390566
1172,736160550
1173,512955692
1174,736472425
1175,475817148
1176,740184650
1177,716075115
1178,734125196
1179,495194048
1180,738275857
1181,766748917
1182,748664408
1183,707799890
1184,725822316
1185,732603642
1186,716888760
1187,683469263
1188,716369908
1189,733831191
1190,733309631
1191,717578134
1192,732447187
1193,717736936
1194,790551583
1195,726664295
1196,715375592
1197,733057187
1198,716638400
1199,732812969
1200,720890571
1201,746970828
1202,734510203
1203,714802576
1204,683704892
1205,732945210
1206,699681390
1207,716870330
1208,699264621
1209,717561578
1210,716357572
1211,766617574
1212,735157600
1213,731472719
1214,717032310
1215,733105421
1216,733136724
1217,716081117
1218,700022433
1219,734013804
1220,733237297
1221,750247124
1222,682030790
1223,734574376
1224,699738270
1225,733366673
1226,715877735
1227,700420039
1228,717539500
1229,716663045
1230,715901278
1231,700131291
1232,716517630
1233,704996220
1234,728407790
1235,734524902
1236,731669548
1237,700003273
1238,748030472
1239,702097171
1240,499402639
1241,701019363
1242,117351862
1243,715701804
1244,487508209
1245,728791542
1246,536642956
1247,712494578
1248,499425192
1249,735430630
1250,489152994
1251,712121612
1252,122105073
1253,726770927
1254,717049405
1255,715696963
1256,545845628
1257,704590655
1258,482860313
1259,748860110
1260,469688181
1261,764790305
1262,113667555
1263,735243812
1264,123840847
1265,677324050
1266,505406316
1267,747109650
1268,496795935
1269,750037659
1270,512191966
1271,722055483
1272,699107816
1273,701837025
1274,504297156
1275,760635222
1276,719223776
1277,746278406
1278,735965167
1279,748597251
1280,700243595
1281,715224523
1282,705421803
1283,729060613
1284,700696146
1285,699455371
1286,733359139
1287,768041393
1288,732019874
1289,699884953
1290,766735983
1291,751463858
1292,715145413
1293,716507439
1294,735432622
1295,731023943
1296,683591480
1297,699333656
1298,717344468
1299,715137342
1300,701275472
1301,698664180
1302,718931911
1303,715417654
1304,700547455
1305,731991077
1306,734404036
1307,698487100
1308,702669010
1309,731011968
1310,717945406
1311,725575063
1312,723620071
1313,507583139
1314,730085306
1315,729273331
1316,491106645
1317,711768089
1318,713350375
1319,701576882
1320,503497116
1321,711110906
1322,702267505
1323,648295485
1324,716451770
1325,601474634
1326,700102932
1327,563438852
1328,751544857
1329,717111508
1330,718857648
1331,558587102
1332,740005478
1333,526213536
1334,722966538
1335,569379351
1336,715315476
1337,478151128
1338,736706171
1339,706216243
1340,711401378
1341,565998219
1342,716912763
1343,700463350
1344,527205514
1345,721577588
1346,718996714
1347,698147215
1348,717342554
1349,715768499
1350,767795371
1351,699276222
1352,733362490
1353,699346378
1354,719113799
1355,731981195
1356,682665718
1357,699509087
1358,718400365
1359,732255726
1360,734126655
1361,748306182
1362,770813383
1363,762880550
1364,717715317
1365,733659784
1366,748875504
1367,717707662
1368,751260026
1369,748234570
1370,735553163
1371,765030232
1372,766207936
1373,715204132
1374,784201509
1375,766075958
1376,752105546
1377,797334790
1378,734310150
1379,750441856
1380,734324578
1381,748810769
1382,734054423
1383,764957527
1384,717411365
1385,733325260
1386,734475776
1387,748488324
1388,733557656
1389,682656716
1390,751373678
1391,731635945
1392,685162019
1393,732919170
1394,766155390
1395,732824848
1396,750968682
1397,698218530
1398,735437650
1399,765263103
1400,734826091
1401,714946484
1402,751295035
1403,682522658
1404,718994385
1405,697177025
1406,718293034
1407,731696106
1408,701730862
1409,698114002
1410,734726354
1411,715799505
1412,767977991
1413,731568035
1414,751231237
1415,749239891
1416,718880900
1417,730634029
1418,751596914
1419,714215919
1420,735706041
1421,683168545
1422,682401934
1423,749221769
1424,735156096
1425,764934362
1426,700528945
1427,732490170
1428,733980633
1429,732850586
1430,770037571
1431,746798030
1432,719141215
1433,748489117
1434,766600816
1435,799396621
1436,717032266
1437,715434773
1438,751835459
1439,732352933
1440,700970457
1441,715058994
1442,717363829
1443,752808790
1444,731052367
1445,716130449
1446,709610996
1447,757004451
1448,716606646
1449,731727522
1450,718856741
1451,749357504
1452,699822756
1453,748785580
1454,717239613
1455,749886930
1456,701091606
1457,698665991
1458,767808369
1459,749432141
1460,800072667
1461,782528154
1462,740646969
1463,747331265
1464,729423472
1465,732794709
1466,717435084
1467,683631262
1468,733791841
1469,681223876
1470,718497736
1471,717546804
1472,732870805
1473,748404857
1474,734450382
1475,748795793
1476,734227936
1477,699635158
1478,682897361
1479,699839533
1480,717008213
1481,716383425
1482,699885730
1483,716914360
1484,701129529
1485,681910491
1486,734885696
1487,731904457
1488,700595000
1489,749168295
1490,751166673
1491,1460903825
1492,742938373
1493,129824427
1494,698720374
1495,139767721
1496,710194860
1497,110033257
1498,705882742
1499,111501792
1500,756442799
1501,491579955
1502,723431370
1503,526107161
1504,708726325
1505,524217325
1506,743354727
1507,496752227
1508,754723224
1509,504604852
1510,725774695
1511,491486103
1512,724777095
1513,519576407
1514,714186773
1515,123197111
1516,726247038
1517,114054022
1518,735676636
1519,127871519
1520,722905020
1521,127346000
1522,706310868
1523,628981126
1524,720788727
1525,560543536
1526,723451999
1527,504374855
1528,727251255
1529,502735643
1530,697127782
1531,115565943
1532,719405609
1533,132793166
1534,699972771
1535,700700529
1536,732905035
1537,715576563
1538,684913769
1539,732148216
1540,716205259
1541,700351573
1542,735211121
1543,748024560
1544,716401196
1545,733470972
1546,734918311
1547,717512078
1548,730990254
1549,699935483
1550,734051544
1551,733688004
1552,848874419
1553,700278503
1554,716757656
1555,750318668
1556,715879065
1557,732849103
1558,685257939
1559,714835789
1560,720278216
1561,695935761
1562,717351509
1563,716291514
1564,734304931
1565,699549654
1566,700646472
1567,732510199
1568,699669445
1569,766077566
1570,717349635
1571,700033195
1572,717353698
1573,681759882
1574,734397172
1575,721255611
1576,761862324
1577,699996061
1578,699230126
1579,751043722
1580,749391177
1581,732383901
1582,751618356
1583,765910330
1584,769640888
1585,800281079
1586,679461613
1587,699937885
1588,750031019
1589,767335377
1590,733301451
1591,715772355
1592,751055755
1593,700025959
1594,734518530
1595,731186773
1596,734001189
1597,713300335
1598,756396152
1599,730293235
1600,716465166
1601,737214562
1602,746690827
1603,750434146
1604,766208563
1605,732716821
1606,817552265
1607,717224488
1608,769472405
1609,744807295
1610,734220827
1611,418565260
1612,780954964
1613,118571039
1614,698283522
1615,490311954
1616,726974398
1617,749646912
1618,700047475
1619,731673182
1620,725167478
1621,725876851
1622,700116486
1623,733368124
1624,717281001
1625,731847140
1626,751745551
1627,681618539
1628,735016972
1629,734433172
1630,747794578
1631,740085963
1632,743093348
1633,732548494
1634,683226451
1635,738167899
1636,762099939
1637,700797423
1638,750110039
1639,734055676
1640,776687277
1641,854776291
1642,734823903
1643,733439689
1644,749799000
1645,768517884
1646,749364940
1647,765182377
1648,750351186
1649,716455227
1650,714998827
1651,719747141
1652,715107212
1653,930607711
1654,936544615
1655,141787145
1656,779349406
1657,145852859
1658,880915826
1659,130384587
1660,838756410
1661,165570697
1662,765298056
1663,130689638
1664,836870012
1665,140389964
1666,875658660
1667,174992900
1668,844212067
1669,138630127
1670,793708257
1671,169919326
1672,812559172
1673,141104284
1674,891172662
1675,238057129
1676,847554138
1677,514715875
1678,834591951
1679,120627230
1680,895761135
1681,136328939
1682,845187638
1683,137381642
1684,764026710
1685,144488281
1686,872360447
1687,564948125
1688,821705388
1689,138119504
1690,823658349
1691,557704924
1692,774824169
1693,162812949
1694,771504755
1695,507696738
1696,794266279
1697,518344196
1698,764282700
1699,661667013
1700,838820218
1701,153915640
1702,831920455
1703,643698179
1704,818394883
1705,543372639
1706,759670950
1707,525431252
1708,853657348
1709,550674850
1710,886737634
1711,175110765
1712,839739383
1713,148376444
1714,810642520
1715,142450217
1716,882711922
1717,156781255
1718,845833735
1719,160984206
1720,873442949
1721,137979350
1722,807901594
1723,133792178
1724,801837764
1725,118932707
1726,795877268
1727,156896932
1728,844434314
1729,797391793
1730,853652873
1731,848494403
1732,847922583
1733,833380505
1734,813366783
1735,870098382
1736,800938083
1737,822324977
1738,809654195
1739,819065511
1740,796987630
1741,895861718
1742,871161556
1743,821187379
1744,812193404
1745,871140984
1746,868970785
1747,814002877
1748,880945164
1749,847702952
1750,867231573
1751,852441424
1752,831443173
1753,814306002
1754,839032988
1755,881728445
1756,795874201
1757,802724121
1758,833539573
1759,899246970
1760,800392621
1761,833498532
1762,847927902
1763,823038470
1764,842642871
1765,804063128
1766,796134514
1767,800534861
1768,804317242
1769,829056519
1770,885044007
1771,902969041
1772,828562824
1773,817349483
1774,885946348
1775,840389236
1776,856162456
1777,849402795
1778,837203834
1779,815524700
1780,879400803
1781,920589547
1782,865579035
1783,864493727
1784,832832706
1785,849709619
1786,818885470
1787,866606688
1788,853967883
1789,880719393
1790,833324841
1791,797721127
1792,865993462
1793,866155597
1794,883373707
1795,832950780
1796,860521975
1797,825705237
1798,797585192
1799,834006872
1800,849726757
1801,788679758
1802,847104946
1803,865051333
1804,868562361
1805,897944797
1806,888036556
1807,806235523
1808,855571684
1809,850169257
1810,818822193
1811,963805269
1812,884954485
1813,948583402
1814,849243690
1815,900963121
1816,883133660
1817,845148237
1818,905636072
1819,833056410
1820,870514857
1821,898055946
1822,814571171
1823,871208032
1824,877831652
1825,800887580
1826,902027963
1827,875379422
1828,838691338
1829,789412990
1830,829621269
1831,815544033
1832,901371769
1833,868826377
1834,911638968
1835,815837470
1836,836804679
1837,810043067
1838,821976301
1839,867171593
1840,834821564
1841,853220919
1842,843730852
1843,832538344
1844,849587027
1845,853782583
1846,862611455
1847,835349114
1848,886397820
1849,760349826
1850,836736453
1851,917352336
1852,832222044
1853,901069796
1854,868756797
1855,863813535
1856,881086281
1857,904218170
1858,819825220
1859,814280346
1860,879709308
1861,833320271
1862,835377034
1863,881289927
1864,831466060
1865,1271136263
1866,812521343
1867,135335719
1868,809492970
1869,658276689
1870,872183818
1871,515425739
1872,825118066
1873,651639319
1874,865656241
1875,130802091
1876,870626898
1877,638333434
1878,789859507
1879,669033002
1880,774317016
1881,695288368
1882,902516878
1883,553700434
1884,891341245
1885,597448127
1886,786596709
1887,518520780
1888,882531593
1889,538253046
1890,793591838
1891,117128708
1892,839033274
1893,1189871118
1894,809490005
1895,150302536
1896,815929333
1897,694305726
1898,889837252
1899,558664680
1900,802323149
1901,849757797
1902,816881061
1903,884951235
1904,800751567
1905,913287484
1906,801373380
1907,753196173
1908,802877278
1909,864106147
1910,828489047
1911,820639039
1912,815498096
1913,453072836
1914,815410953
1915,551668742
1916,893324299
1917,884791792
1918,837416879
1919,813076086
1920,849938486
1921,832116810
1922,817603208
1923,849733107
1924,801122884
1925,819897048
1926,814636783
1927,831069230
1928,803348959
1929,814116822
1930,832818122
1931,849907078
1932,851071552
1933,831888680
1934,462894659
1935,803162158
1936,139616585
1937,775961106
1938,2553433327
1939,837374952
1940,131056162
1941,883251827
1942,134456265
1943,798639155
1944,116266106
1945,765426333
1946,117729232
1947,781606070
1948,848799979
1949,853216433
1950,846795646
1951,915523095
1952,885147097
1953,899641729
1954,865971669
1955,793641556
1956,806803167
1957,866764311
1958,848904983
1959,136261723
1960,882847218
1961,135753130
1962,895988618
1963,547577252
1964,867907515
1965,146015836
1966,870753187
1967,127748022
1968,919336723
1969,868976353
1970,852075307
1971,907615198
1972,852055767
1973,805828575
1974,950797004
1975,833778460
1976,841016008
1977,845346472
1978,881935684
1979,813866986
1980,816027398
1981,817623799
1982,820500097
1983,802185042
1984,843723941
1985,840550500
1986,893001740
1987,784188672
1988,856344182
1989,877891831
1990,885309169
1991,797548290
1992,834728438
1993,864278064
1994,832848272
1995,856980972
1996,861807217
1997,920427308
1998,814605185
1999,894583344
2000,817745539
2001,870381203
2002,846639119
2003,916071602
2004,862067285
2005,873348424
2006,835007490
2007,879750549
2008,782213585
2009,852065181
2010,866653194
2011,852339339
2012,863400166
2013,1010808511
2014,830563185
2015,865041192
2016,829864165
2017,801519533
2018,865027534
2019,866797425
2020,858721901
2021,867908666
2022,855509757
2023,891241358
2024,823648560
2025,814362778
2026,1006974954
2027,833104951
2028,833348802
2029,794585580
2030,866611386
2031,1035629815
2032,847988362
2033,882987877
2034,803232223
2035,882287348
2036,873756930
2037,842033343
2038,824340325
2039,841995887
2040,853598951
2041,823569323
2042,910895432
2043,883327989
2044,878253612
2045,774380472
2046,825263990
2047,817057010
2048,879660001
2049,837126629
2050,883083272
2051,834012508
2052,816551469
2053,903442417
2054,913207356
2055,834880616
2056,838992121
2057,913459322
2058,829979616
2059,883156619
2060,1000194528
2061,1020177325
2062,918745233
2063,809643302
2064,839432555
2065,876307117
2066,901958714
2067,832017286
2068,800524642
2069,925902491
2070,807546871
2071,832059459
2072,800229472
2073,832349399
2074,817553465
2075,860979064
2076,888872013
2077,884359615
2078,835971149
2079,862784202
2080,850823528
2081,920263901
2082,852907113
2083,892490106
2084,818127490
2085,765893351
2086,831920339
2087,870157760
2088,863952187
2089,809572893
2090,836010217
2091,925027711
2092,819020116
2093,826242868
2094,834331557
2095,817929949
2096,799162718
2097,851805858
2098,834286543
2099,879407812
2100,832013307
2101,834411115
2102,834372414
2103,849308181
2104,877058628
2105,839641983
2106,866085919
2107,834108280
2108,816124331
2109,861550130
2110,833934312
2111,809508336
2112,866190479
2113,765599922
2114,864297348
2115,858751933
2116,879093945
2117,856409739
2118,808215760
2119,797721337
2120,782233273
2121,838476144
2122,862352894
2123,835018900
2124,853234404
2125,860477988
2126,786384708
2127,864812145
2128,850295486
2129,783034597
2130,820872898
2131,896291324
2132,799121345
2133,817609817
2134,832146104
2135,817064551
2136,893001777
2137,839702598
2138,865952885
2139,784041178
2140,816398232
2141,834506755
2142,815274267
2143,884843529
2144,852576312
2145,869779732
2146,796638332
2147,831069707
2148,847713491
2149,868442688
2150,824010796
2151,859183887
2152,819835585
2153,814905065
2154,802986479
2155,813018758
2156,813648025
2157,838759562
2158,837487998
2159,813288954
2160,845521213
2161,806982546
2162,858757601
2163,887118612
2164,847510364
2165,821275385
2166,799041653
2167,778681772
2168,867381634
2169,854006904
2170,861099967
2171,850649974
2172,817946355
2173,917713287
2174,831506023
2175,801744226
2176,808073801
2177,823356595
2178,817160348
2179,814827950
2180,804410511
2181,795934370
2182,820507832
2183,783581043
2184,800598783
2185,831792604
2186,849397999
2187,851366796
2188,850709450
2189,862880685
2190,865663178
2191,817854212
2192,833691382
2193,815690720
2194,749762608
2195,784058716
2196,840473653
2197,849833589
2198,864075810
2199,862030861
2200,888758017
2201,877107870
2202,834877130
2203,865616521
2204,816932143
2205,851332728
2206,769171824
2207,900297460
2208,761164536
2209,855074534
2210,848163653
2211,848320889
2212,788214026
2213,837911677
2214,922664913
2215,918813142
2216,886934372
2217,796542856
2218,831955522
2219,865295169
2220,850496224
2221,879317126
2222,789333630
2223,935838096
2224,906965990
2225,838267264
2226,857736352
2227,943202657
2228,916500496
2229,853902858
2230,849531193
2231,849026190
2232,802869835
2233,844257389
2234,834754741
2235,866387148
2236,866443812
2237,832645098
2238,815774178
2239,852311631
2240,818138701
2241,846292831
2242,825696916
2243,877836016
2244,850755316
2245,848892659
2246,880584389
2247,849149737
2248,884281200
2249,896160870
2250,840459686
2251,835283283
2252,850563574
2253,844391756
2254,883932276
2255,831066871
2256,857711731
2257,835122432
2258,842201640
2259,834762428
2260,784615249
2261,850587558
2262,849725942
2263,849470887
2264,830372680
2265,821570136
2266,884029636
2267,814547380
2268,847708792
2269,849600349
2270,847895245
2271,839257440
2272,844707743
2273,853523458
2274,813258039
2275,806993045
2276,842661953
2277,816496569
2278,838712630
2279,793842011
2280,887257977
2281,862845090
2282,849443698
2283,835925016
2284,818357225
2285,781619564
2286,864777834
2287,837910576
2288,868876728
2289,878283588
2290,866654955
2291,847893155
2292,784077199
2293,884222579
2294,868754837
2295,814982669
2296,817520579
2297,847238973
2298,766088720
2299,876255646
2300,890632758
2301,843683863
2302,793008619
2303,876359958
2304,795637778
2305,846957598
2306,829287569
2307,816888417
2308,835023493
2309,816060340
2310,820242676
2311,804632384
2312,822141887
2313,868390046
2314,820626936
2315,794833117
2316,816113656
2317,914688822
2318,852145108
2319,867427375
2320,834094713
2321,836562259
2322,868872834
2323,842406100
2324,885401294
2325,831234965
2326,836864173
2327,762698135
2328,886580917
2329,1152800307
2330,847312948
2331,136093702
2332,895628133
2333,151156908
2334,897651772
2335,157865543
2336,828229010
2337,149951544
2338,832115823
2339,163529387
2340,901463372
2341,148096858
2342,820041825
2343,128399232
2344,875901321
2345,136973645
2346,828750557
2347,137385936
2348,807251316
2349,178895194
2350,889036552
2351,130998496
2352,870366004
2353,303778803
2354,881527442
2355,148818103
2356,865860068
2357,671253283
2358,893031323
2359,123060538
2360,881127745
2361,602023854
2362,849795028
2363,832395730
2364,818333146
2365,882031377
2366,861237917
2367,851011785
2368,816421733
2369,900202431
2370,850674746
2371,831310295
2372,866244040
2373,819321247
2374,932332158
2375,881965413
2376,850083951
2377,905568756
2378,802613971
2379,891916064
2380,852182740
2381,867241359
2382,848178158
2383,852892680
2384,813825240
2385,819664395
2386,881497886
2387,869473685
2388,894262079
2389,871302426
2390,815348192
2391,842997156
2392,922007232
2393,867912631
2394,867091328
2395,822134733
2396,828597115
2397,848976819
2398,787694159
2399,862758302
2400,882820923
2401,881428474
2402,905321868
2403,828363194
2404,832915788
2405,816811594
2406,782095609
2407,809412488
2408,814455914
2409,826022143
2410,850653921
2411,782182369
2412,819576939
2413,890357546
2414,946492863
2415,861113579
2416,819267763
2417,831686646
2418,815877192
2419,821095463
2420,882667854
2421,845138490
2422,818557543
2423,837944018
2424,896937403
2425,863164960
2426,848360608
2427,858337828
2428,844135662
2429,836406716
2430,831821670
2431,530733446
2432,854710376
2433,152845201
2434,859929062
2435,146275472
2436,889713278
2437,145241619
2438,838952375
2439,171419281
2440,858341869
2441,125078633
2442,845519390
2443,142129853
2444,872227517
2445,139321263
2446,964859953
2447,149143954
2448,868826788
2449,982681166
2450,955295639
2451,921455957
2452,833900538
2453,921323817
2454,850383681
2455,944830489
2456,865395838
2457,833057508
2458,895656248
2459,891114690
2460,815410189
2461,833125677
2462,834918067
2463,819949082
2464,809747848
2465,853334277
2466,850122302
2467,830468429
2468,838086747
2469,849913025
2470,811457417
2471,799882853
2472,803397479
2473,835154919
2474,831502633
2475,873865678
2476,826562950
2477,816793435
2478,848694364
2479,913572574
2480,869769163
2481,872334208
2482,866528072
2483,811534839
2484,814903476
2485,818137635
2486,852160746
2487,817155394
2488,827836778
2489,850477671
2490,861868584
2491,874343559
2492,813382266
2493,849885008
2494,833529359
2495,823909167
2496,870469649
2497,838835489
2498,818744640
2499,884941596
2500,796449158
2501,800428680
2502,1257670667
2503,824914670
2504,850253057
2505,883320908
2506,867236926
2507,849931697
2508,799153616
2509,838472601
2510,794627579
2511,822150702
2512,788279307
2513,807178227
2514,817381539
2515,799018083
2516,832775984
2517,827941200
2518,821897252
2519,829297548
2520,803477701
2521,884251031
2522,882129157
2523,854305512
2524,868342930
2525,833829768
2526,835152732
2527,931585612
2528,535820402
2529,841591256
2530,870829581
2531,545375692
2532,801387008
2533,1561392321
2534,758195943
2535,556946289
2536,802918194
2537,830232774
2538,674804957
2539,815754206
2540,162569468
2541,804118914
2542,629153169
2543,795825126
2544,140860812
2545,818978983
2546,145705593
2547,753297135
2548,162662329
2549,838725294
2550,175095742
2551,837758940
2552,561366109
2553,888793678
2554,555406848
2555,893612832
2556,579681953
2557,880970458
2558,139146333
2559,767567456
2560,540149739
2561,913260908
2562,578645699
2563,849384575
2564,523383519
2565,846126610
2566,553033769
2567,849216341
2568,154258019
2569,826061282
2570,168646790
2571,798463160
2572,142970957
2573,758501312
2574,120135952
2575,780342463
2576,154035518
2577,843876133
2578,160575244
2579,830020639
2580,181562283
2581,833091151
2582,148735371
2583,863797805
2584,120866574
2585,783434009
2586,602221831
2587,795023671
2588,635206136
2589,832869528
2590,553658958
2591,914352637
2592,543378613
2593,851947971
2594,567689550
2595,813621538
2596,517473871
2597,834370554
2598,532997535
2599,918948864
2600,723603958
2601,858926695
2602,531804460
2603,819932243
2604,626539469
2605,869249168
2606,530678886
2607,834913924
2608,834212414
2609,654493363
2610,928630701
2611,821859883
2612,761328342
2613,834378082
2614,850614505
2615,783764071
2616,900635906
2617,997819760
2618,832964587
2619,882981302
2620,823040646
2621,860480617
2622,900243135
2623,847008403
2624,807641558
2625,852741147
2626,860373838
2627,815500755
2628,882543370
2629,782844520
2630,835312270
2631,890283818
2632,841407514
2633,888945796
2634,920417914
2635,842955839
2636,506434897
2637,842292556
2638,499223453
2639,931931788
2640,558258531
2641,791836098
2642,783490854
2643,801640657
2644,585935291
2645,847114983
2646,622700834
2647,810333810
2648,526641927
2649,828152050
2650,845701750
2651,848422784
2652,865022069
2653,788655463
2654,853660216
2655,810492913
2656,850500897
2657,852353912
2658,835309625
2659,1901074363
2660,813713834
2661,540410893
2662,921549635
2663,550491598
2664,802438542
2665,141237605
2666,805626189
2667,720522105
2668,884532730
2669,689416026
2670,822080678
2671,519901191
2672,833357682
2673,549268260
2674,937041564
2675,513820211
2676,814498553
2677,629911410
2678,823166603
2679,529263559
2680,834098243
2681,646876681
2682,827849504
2683,508966362
2684,835682558
2685,611793265
2686,771251918
2687,565583107
2688,872636219
2689,525525018
2690,804623193
2691,807260737
2692,787938904
2693,673913899
2694,878289428
2695,507815730
2696,820710128
2697,712722349
2698,823746264
2699,818105599
2700,856694989
2701,809421240
2702,832894050
2703,865523611
2704,868097562
2705,883116641
2706,894037759
2707,856716228
2708,858311432
2709,808261804
2710,859313978
2711,838428712
2712,817075322
2713,799475986
2714,842338751
2715,858758607
2716,782085865
2717,871620451
2718,797830723
2719,835077719
2720,795448798
2721,804191693
2722,821707069
2723,841103741
2724,815294268
2725,853331054
2726,799582270
2727,820692480
2728,843466073
2729,783983969
2730,532543299
2731,787847291
2732,497377338
2733,799243513
2734,850601517
2735,899872912
2736,716240577
2737,799956214
2738,783894948
2739,819167157
2740,661376117
2741,871632709
2742,630733530
2743,886241370
2744,537567651
2745,792853305
2746,614078409
2747,767864872
2748,819032198
2749,781025151
2750,833895547
2751,834870387
2752,781693062
2753,878250178
2754,859529284
2755,863515835
2756,855810591
2757,944627725
2758,900526681
2759,932608791
2760,834636104
2761,813421204
2762,889084202
2763,894163251
2764,832556416
2765,851074912
2766,799468210
2767,849914548
2768,856742916
2769,848431320
2770,845100858
2771,818323420
2772,815318426
2773,831880573
2774,852155054
2775,801902672
2776,931687310
2777,869044020
2778,525376506
2779,875778065
2780,624315435
2781,823342822
2782,583325271
2783,930906678
2784,621376116
2785,812852844
2786,584808806
2787,915369210
2788,552526017
2789,781515727
2790,563460729
2791,819917143
2792,524605613
2793,861255322
2794,517664899
2795,817343448
2796,573182317
2797,769637883
2798,510078560
2799,815905322
2800,544629309
2801,830504399
2802,520933167
2803,798985359
2804,882285104
2805,532765272
2806,884633586
2807,653248208
2808,845237325
2809,851599964
2810,831384491
2811,798770142
2812,816156349
2813,833035109
2814,802230443
2815,931394398
2816,834659528
2817,831775315
2818,820473050
2819,878037699
2820,842502004
2821,858573474
2822,911174698
2823,840228672
2824,902587893
2825,861999242
2826,853067752
2827,880467580
2828,800523347
2829,902022888
2830,817284449
2831,800268969
2832,847972132
2833,850463219
2834,849444313
2835,799108239
2836,926515788
2837,823247812
2838,783104056
2839,751079863
2840,749766688
2841,783236188
2842,766254666
2843,715556093
2844,751812773
2845,749508768
2846,766409714
2847,751023032
2848,798695569
2849,699532638
2850,736516608
2851,746636581
2852,770758083
2853,729974954
2854,732401405
2855,717478942
2856,751234794
2857,750132036
2858,765304654
2859,751681144
2860,749754795
2861,731983952
2862,750636093
2863,749980625
2864,732279105
2865,749953696
2866,749426717
2867,718078930
2868,752900873
2869,746722815
2870,772703061
2871,725898438
2872,732860191
2873,752651338
2874,715272733
2875,734328569
2876,749171240
2877,734249871
2878,732489874
2879,750038527
2880,715473144
2881,734109294
2882,818047727
2883,764798642
2884,700257919
2885,701721716
2886,764708224
2887,715466212
2888,717951361
2889,782472239
2890,449029436
2891,718151983
2892,666947268
2893,682885300
2894,410770938
2895,755234959
2896,169729101
2897,680974157
2898,118172564
2899,668215698
2900,122444897
2901,707981586
2902,126027857
2903,689674132
2904,121057557
2905,678644889
2906,133104141
2907,667348510
2908,509170943
2909,714640472
2910,692845944
2911,140570788
2912,742744096
2913,119993183
2914,762880710
2915,128581599
2916,688657514
2917,682686591
2918,683271901
2919,700445815
2920,683726118
2921,683144660
2922,683508772
2923,699471439
2924,683499605
2925,666744647
2926,701200704
2927,457087943
2928,724487414
2929,109192376
2930,724842724
2931,123389735
2932,743379134
2933,123572860
2934,709160731
2935,117797354
2936,715787432
2937,733075460
2938,683310067
2939,683370534
2940,699915075
2941,683226523
2942,667116876
2943,665876775
2944,700091269
2945,650369625
2946,632373681
2947,667137862
2948,699397935
2949,700974389
2950,906343440
2951,661261208
2952,649603112
2953,510189462
2954,722323600
2955,514237055
2956,703607345
2957,699328137
2958,559950372
2959,706557023
2960,700112299
2961,121597445
2962,710357480
2963,700377193
2964,700039902
2965,750401541
2966,718468967
2967,377253811
2968,657092979
2969,423203796
2970,657449905
2971,126259515
2972,673155228
2973,539622554
2974,678070369
2975,716675685
2976,126366702
2977,690683565
2978,137108809
2979,697013652
2980,680653329
2981,687342582
2982,696281204
2983,394390376
2984,705270815
2985,119569896
2986,698559529
2987,132199237
2988,695443860
2989,688115128
2990,732891468
2991,750304912
2992,133140069
2993,718765150
2994,133697306
2995,681369725
2996,116617611
2997,683375292
2998,123522801
2999,676619945
3000,122983688
3001,693447557
3002,151997986
3003,698374990
3004,114346002
3005,668724078
3006,539911499
3007,659269987
3008,493074485
3009,674735259
3010,512574433
3011,671236777
3012,735489837
3013,664406428
3014,509401628
3015,673912132
3016,521548417
3017,644058616
3018,505498824
3019,645806735
3020,496238274
3021,634849107
3022,634771607
3023,500329044
3024,616298842
3025,490535788
3026,659763518
3027,489322613
3028,629868700
3029,593792180
3030,636524879
3031,463027316
3032,619252215
3033,650157549
3034,490489639
3035,682332151
3036,488747351
3037,655509252
3038,482025128
3039,634753108
3040,497435660
3041,620215021
3042,521576636
3043,629746141
3044,469681825
3045,627279220
3046,653264097
3047,680066422
3048,634351283
3049,406448606
3050,678705694
3051,633716647
3052,509925153
3053,619869808
3054,489753279
3055,628142285
3056,558512313
3057,691177376
3058,665272133
3059,701159953
3060,716335901
3061,717442564
3062,800960257
3063,715969285
3064,749475757
3065,716979490
3066,716140064
3067,734835117
3068,749504088
3069,393101916
3070,689374404
3071,486275000
3072,697952610
3073,564833434
3074,657120947
3075,477309918
3076,638187247
3077,645863632
3078,666110140
3079,472256805
3080,643935511
3081,459202829
3082,622945150
3083,497345018
3084,622480306
3085,611983980
3086,651982726
3087,666030813
3088,667955494
3089,413972062
3090,669413145
3091,478338400
3092,670553507
3093,493409920
3094,656784011
3095,597660941
3096,636515210
3097,477659440
3098,637740676
3099,601569106
3100,565011704
3101,617494583
3102,571178510
3103,645868880
3104,140743110
3105,641930661
3106,136441767
3107,613778757
3108,617237601
3109,528798153
3110,620359259
3111,576481148
3112,606762732
3113,712519373
3114,637200877
3115,650565529
3116,726319594
3117,124478517
3118,681967890
3119,405328640
3120,645785852
3121,649073915
3122,135583955
3123,698320292
3124,117679420
3125,682793510
3126,133235055
3127,649567975
3128,117852961
3129,665269025
3130,117718742
3131,649586515
3132,378998136
3133,654544053
3134,535860365
3135,662268198
3136,667695474
3137,632118279
3138,652194942
3139,637608419
3140,677187165
3141,489591999
3142,611699791
3143,649398853
3144,700676214
3145,632609263
3146,652496657
3147,510603502
3148,641411217
3149,521007275
3150,648464738
3151,483428626
3152,641204237
3153,578109825
3154,624244231
3155,631976917
3156,617967423
3157,665979115
3158,617110030
3159,615209357
3160,668517075
3161,631885039
3162,397838493
3163,602191839
3164,421848583
3165,643963651
3166,668551707
3167,617031276
3168,756684329
3169,642434643
3170,700931877
3171,649994465
3172,664019425
3173,619328611
3174,615889660
3175,491973334
3176,623883180
3177,634148047
3178,763489514
3179,601808865
3180,654761374
3181,612016388
3182,616042730
3183,641330784
3184,395696618
3185,646727905
3186,650632216
3187,649015762
3188,667882793
3189,633185388
3190,666709618
3191,667169304
3192,870528950
3193,679407915
3194,649150498
3195,633460176
3196,648359718
3197,517952109
3198,634353609
3199,648952683
3200,1491067487
3201,659295206
3202,666685653
3203,471631297
3204,711610111
3205,394559271
3206,655817609
3207,716253326
3208,729381467
3209,702744664
3210,502961208
3211,664352635
3212,665990234
3213,150153125
3214,650128194
3215,114974836
3216,651786054
3217,118526650
3218,665509557
3219,142460646
3220,657619890
3221,540779069
3222,675570152
3223,448032660
3224,667852777
3225,498579237
3226,652245007
3227,667769598
3228,684842363
3229,663296224
3230,670382402
3231,399831229
3232,680293833
3233,392425416
3234,674689056
3235,377949362
3236,687411415
3237,667934646
3238,730863480
3239,667387355
3240,685851730
3241,411631559
3242,719153355
3243,505035672
3244,646581838
3245,482353130
3246,632272815
3247,635724628
3248,496067727
3249,652418799
3250,636845353
3251,664544076
3252,633807964
3253,546951801
3254,617767749
3255,125225170
3256,624273250
3257,668730573
3258,735802155
3259,681482672
3260,698240229
3261,377685659
3262,706953120
3263,384729701
3264,746861288
3265,428045413
3266,706415985
3267,699484962
3268,682770790
3269,783830089
3270,408661195
3271,726000979
3272,388474480
3273,710472636
3274,122977258
3275,710473469
3276,137089563
3277,729288416
3278,115530716
3279,701406410
3280,117172431
3281,715910849
3282,131446452
3283,701646304
3284,121537939
3285,694930072
3286,120254765
3287,679826729
3288,113330566
3289,720440833
3290,136188418
3291,713656998
3292,116129360
3293,734243918
3294,524157062
3295,707883054
3296,507824035
3297,643030372
3298,488818984
3299,627858643
3300,666979104
3301,631495142
3302,684654679
3303,648779520
3304,634497320
3305,411643263
3306,638370642
3307,424447132
3308,625684687
3309,616686900
3310,858389184
3311,658326416
3312,477348387
3313,621878863
3314,544234187
3315,639384906
3316,666217538
3317,650866383
3318,648815660
3319,651955963
3320,681247025
3321,667137742
3322,701226498
3323,665944515
3324,632630286
3325,651955335
3326,681247334
3327,635934911
3328,800444599
3329,640878646
3330,657734796
3331,648559144
3332,633294291
3333,616202829
3334,633271270
3335,666603831
3336,650975802
3337,360696941
3338,688365226
3339,427731177
3340,739710548
3341,417274280
3342,715117700
3343,116213939
3344,817869021
3345,116369356
3346,733255460
3347,129176819
3348,720075810
3349,410091174
3350,740842313
3351,448834552
3352,700878832
3353,667456531
3354,666540439
3355,749019005
3356,700068051
3357,740840487
3358,661598837
3359,680673209
3360,701227785
3361,632582304
3362,667306580
3363,650764960
3364,632736521
3365,665936166
3366,651590061
3367,731294988
3368,716795498
3369,699576588
3370,762139429
3371,638953063
3372,116737894
3373,649155066
3374,122838502
3375,644475494
3376,126773751
3377,675769831
3378,119736844
3379,628655852
3380,525642761
3381,656654416
3382,125039953
3383,657561496
3384,653371091
3385,612814177
3386,383776554
3387,615206409
3388,651116930
3389,617133694
3390,407092266
3391,610147724
3392,406841746
3393,660923671
3394,459179512
3395,638393371
3396,511676600
3397,672942020
3398,427747674
3399,657758835
3400,402084050
3401,679002002
3402,405741435
3403,676315290
3404,666730942
3405,700828552
3406,435918482
3407,697107000
3408,794208594
3409,689399156
3410,484552299
3411,684374222
3412,471721555
3413,692796646
3414,388689137
3415,679549807
3416,663067980
3417,684125940
3418,668089684
3419,397912599
3420,668498900
3421,397377288
3422,687419471
3423,663895840
3424,683652085
3425,685875776
3426,799224770
3427,687601915
3428,627323392
3429,393274381
3430,692405129
3431,647232917
3432,464786258
3433,635688209
3434,652830712
3435,629759476
3436,471624622
3437,679683237
3438,500450527
3439,664690207
3440,584943198
3441,732371417
3442,496758141
3443,677878240
3444,480069804
3445,662725887
3446,467690152
3447,682588485
3448,382495763
3449,683143118
3450,494596375
3451,671623777
3452,482941720
3453,701374940
3454,468699470
3455,713439695
3456,392150057
3457,680016563
3458,583286844
3459,745388976
3460,480215216
3461,693565845
3462,562518518
3463,663602233
3464,463013650
3465,670157839
3466,466164996
3467,649991334
3468,545596951
3469,672261009
3470,425751259
3471,688066951
3472,406247305
3473,695475315
3474,683603161
3475,616442420
3476,800130164
3477,633405963
3478,513186939
3479,669684555
3480,684559459
3481,666348939
3482,483090255
3483,666678989
3484,502508635
3485,680915926
3486,483151400
3487,684540341
3488,477271468
3489,707463815
3490,480730677
3491,720953932
3492,550128754
3493,678292077
3494,635183140
3495,698640454
3496,705616735
3497,502906443
3498,676703434
3499,664913468
3500,566105997
3501,666712369
3502,379393732
3503,654593705
3504,662825608
3505,703728456
3506,392269266
3507,672984171
3508,121916674
3509,712112181
3510,119623087
3511,713861342
3512,121809329
3513,710557913
3514,119139858
3515,732040662
3516,478840416
3517,720549914
3518,683402731
3519,683566064
3520,679340555
3521,388668649
3522,650076110
3523,383347154
3524,681598100
3525,717208724
3526,714760762
3527,685065641
3528,418551997
3529,664276846
3530,383328194
3531,700858770
3532,119308243
3533,680262008
3534,113456333
3535,685906625
3536,113492947
3537,753135177
3538,115855335
3539,807584808
3540,167654506
3541,725391144
3542,111797587
3543,738998655
3544,126610199
3545,756964070
3546,119628293
3547,713710030
3548,118860275
3549,698789397
3550,134618770
3551,730813052
3552,117530122
3553,732017787
3554,142001924
3555,707417703
3556,685852975
3557,129233264
3558,701706261
3559,557424083
3560,693799252
3561,381330853
3562,667428757
3563,125151297
3564,711304252
3565,422202919
3566,657900242
3567,132075547
3568,718169439
3569,131493882
3570,668139326
3571,129610085
3572,669270000
3573,123883384
3574,694280707
3575,117590329
3576,682041159
3577,121320162
3578,729101905
3579,121022038
3580,695536535
3581,116075021
3582,733991108
3583,114189974
3584,686418072
3585,127430821
3586,688863064
3587,118425952
3588,697245799
3589,114273098
3590,668623800
3591,118831054
3592,699272251
3593,514644204
3594,651359006
3595,469256733
3596,649785574
3597,484561948
3598,613382035
3599,665559536
3600,717185007
3601,651132651
3602,406792595
3603,692396850
3604,490452398
3605,676301064
3606,401516985
3607,647880003
3608,418924225
3609,648354376
3610,760120501
3611,656209560
3612,419138025
3613,663660371
3614,592997144
3615,673928778
3616,383462037
3617,686629833
3618,125332127
3619,704937226
3620,477405194
3621,676972256
3622,107221295
3623,671641126
3624,472088803
3625,677580066
3626,506707502
3627,658815070
3628,501836109
3629,665943121
3630,389447798
3631,661919747
3632,439148483
3633,693282934
3634,611747968
3635,653395813
3636,633899256
3637,474624054
3638,642119440
3639,487065839
3640,629810517
3641,491476450
3642,642213240
3643,492350042
3644,691757362
3645,547581490
3646,667281498
3647,633714098
3648,637749189
3649,662607292
3650,700493429
3651,669526177
3652,612812283
3653,684091810
3654,701663476
3655,664227494
3656,651494250
3657,666604621
3658,715064163
3659,666728214
3660,940861821
3661,696344844
3662,507000827
3663,689294083
3664,397003134
3665,669461069
3666,528378002
3667,687374608
3668,459614769
3669,657239698
3670,668551487
3671,614747169
3672,653348511
3673,663538689
3674,684659250
3675,464503711
3676,669670492
3677,479700697
3678,685789558
3679,396484852
3680,702994454
3681,121416615
3682,712064166
3683,649806644
3684,420511342
3685,678076038
3686,690265011
3687,711637447
3688,419356241
3689,663331133
3690,482313968
3691,650845441
3692,476346225
3693,656710214
3694,483758338
3695,666482841
3696,667400025
3697,665394302
3698,666506329
3699,475009665
3700,641151614
3701,385111134
3702,682126230
3703,463276732
3704,653916054
3705,481067980
3706,668570436
3707,380242814
3708,687470483
3709,648777474
3710,395128185
3711,690231568
3712,557592748
3713,673261515
3714,409526319
3715,690447139
3716,511090075
3717,640737080
3718,518880155
3719,650330175
3720,679117276
3721,477378301
3722,623083433
3723,648884189
3724,678113737
3725,655261825
3726,683929551
3727,700690595
3728,666703977
3729,684435330
3730,396615834
3731,701184499
3732,667924338
3733,665829657
3734,439708829
3735,659879258
3736,772080741
3737,644455032
3738,395123494
3739,656121351
3740,492409710
3741,673747964
3742,700464446
3743,696366801
3744,653322192
3745,587235828
3746,662644559
3747,499638593
3748,666921003
3749,563571472
3750,671032710
3751,488714146
3752,676405714
3753,483206037
3754,665878453
3755,478768082
3756,671975414
3757,464835208
3758,701547407
3759,388288615
3760,661925391
3761,682710692
3762,666456887
3763,684029646
3764,649322720
3765,650735267
3766,536785404
3767,596769962
3768,632910581
3769,649760790
3770,692479202
3771,589663837
3772,618116094
3773,615647663
3774,617303752
3775,616297609
3776,633917295
3777,633802607
3778,372675484
3779,626308828
3780,668000055
3781,733832407
3782,647856209
3783,684185109
3784,649565318
3785,633920730
3786,650032295
3787,649106361
3788,650126097
3789,669371403
3790,110417112
3791,654756499
3792,376082450
3793,674029721
3794,378153225
3795,654035459
3796,457219703
3797,677418877
3798,385378828
3799,680064129
3800,395413120
3801,704218691
3802,368923200
3803,714686679
3804,378943586
3805,671483529
3806,390033656
3807,660387208
3808,784768027
3809,664784747
3810,392147035
3811,658006589
3812,736741245
3813,631942293
3814,708348727
3815,507348349
3816,639606436
3817,496623851
3818,650091455
3819,678373661
3820,616667494
3821,684263225
3822,633052392
3823,613208598
3824,619795244
3825,616770566
3826,666237446
3827,635620717
3828,646825214
3829,618063166
3830,425703023
3831,607452364
3832,796644078
3833,653690712
3834,406968601
3835,642533506
3836,499738317
3837,605189297
3838,488645798
3839,623100491
3840,592059909
3841,608482932
3842,632926763
3843,524800999
3844,658857778
3845,616098585
3846,637364353
3847,612586720
3848,652250922
3849,664634946
3850,479072701
3851,604226172
3852,482328628
3853,637817371
3854,506675689
3855,639820802
3856,488883295
3857,610898129
3858,495261505
3859,621856273
3860,522058036
3861,611620836
3862,615791030
3863,520669499
3864,628695105
3865,499273575
3866,716743169
3867,464503993
3868,636842736
3869,608731571
3870,606799078
3871,684312902
3872,649210301
3873,617361545
3874,616259673
3875,615977329
3876,650229932
3877,649766236
3878,650908836
3879,666979255
3880,615752798
3881,633753211
3882,666724152
3883,683025195
3884,599559774
3885,667685971
3886,631815925
3887,602208931
3888,665821237
3889,615999463
3890,649685452
3891,651247530
3892,650002534
3893,632439828
3894,650854771
3895,699633058
3896,633384094
3897,632270191
3898,701700916
3899,633189459
3900,682786494
3901,632929929
3902,649542065
3903,700119305
3904,633128677
3905,616173833
3906,635438410
3907,651855702
3908,661996869
3909,683889354
3910,633062582
3911,667754923
3912,600182371
3913,632507063
3914,616900131
3915,601179398
3916,649332792
3917,633145757
3918,616101227
3919,601389762
3920,631312690
3921,607726148
3922,609086091
3923,633922733
3924,616177840
3925,633425079
3926,633169245
3927,619023716
3928,630826284
3929,616640702
3930,617744084
3931,616707212
3932,754047465
3933,629559932
3934,507475569
3935,624697082
3936,500613663
3937,615911797
3938,499900383
3939,602611525
3940,631715863
3941,580367218
3942,636117151
3943,488220472
3944,627168011
3945,559384782
3946,724817605
3947,633099554
3948,671042666
3949,530087738
3950,653172096
3951,494051286
3952,672698546
3953,515688614
3954,630757113
3955,504071879
3956,612327846
3957,666722991
3958,487750106
3959,681619506
3960,505143646
3961,643633999
3962,501710896
3963,628163473
3964,492799204
3965,658146401
3966,617152361
3967,599786477
3968,513320286
3969,671699639
3970,117075210
3971,616620956
3972,509366652
3973,623295622
3974,536955681
3975,644236442
3976,519908702
3977,732507106
3978,747269613
3979,683495226
3980,733118770
3981,700873245
3982,699658457
3983,701875116
3984,648264709
3985,685961675
3986,653763806
3987,660617535
3988,667161682
3989,683931108
3990,795598001
3991,644791958
3992,515236527
3993,694218940
3994,732695227
3995,716516579
3996,750437775
3997,664930176
3998,491678942
3999,708775977
4000,2013501093
4001,638701402
4002,648391632
4003,634192874
4004,383617819
4005,647529238
4006,669449535
4007,681049395
4008,700947666
4009,649025223
4010,717042668
4011,665420379
4012,734163916
4013,684204331
4014,666993395
4015,709602533
4016,385207552
4017,687839111
4018,682456106
4019,717140269
4020,682731887
4021,734375736
4022,715880325
4023,700112874
4024,699889697
4025,717560371
4026,715770637
4027,700920578
4028,716887872
4029,698516575
4030,724055089
4031,709394250
4032,683244278
4033,750074122
4034,683939484
4035,768604325
4036,730802150
4037,683548964
4038,749756570
4039,732970737
4040,717328702
4041,733131725
4042,733950368
4043,732267404
4044,733024954
4045,751001408
4046,757608522
4047,692388466
4048,666533233
4049,701140469
4050,731605218
4051,717902448
4052,680772615
4053,701421926
4054,737443168
4055,780692251
4056,731228967
4057,734645050
4058,751422185
4059,715556933
4060,699669273
4061,716822292
4062,699308180
4063,700322135
4064,700032553
4065,700518541
4066,715125005
4067,700217291
4068,733095574
4069,754832224
4070,761770431
4071,752760199
4072,730873809
4073,701044370
4074,698534482
4075,700655153
4076,699500677
4077,717442235
4078,698495420
4079,701641399
4080,732080262
4081,717251714
4082,699999789
4083,750110986
4084,698942552
4085,716824788
4086,717629837
4087,710618817
4088,722122583
4089,700736295
4090,698972238
4091,683466975
4092,733988066
4093,716989734
4094,698955363
4095,716860515
4096,717726085
4097,749263589
4098,699423745
4099,722422528
4100,717186919
4101,727279544
4102,684411032
4103,768089936
4104,747566875
4105,733544679
4106,749302286
4107,733296607
4108,683091139
4109,722930389
4110,726634960
4111,686271805
4112,698327132
4113,682938013
4114,749793428
4115,683456605
4116,766376553
4117,683867593
4118,733255563
4119,736462897
4120,715209213
4121,720722060
4122,711295579
4123,698715358
4124,767197487
4125,716880404
4126,700715299
4127,750190196
4128,782197907
4129,701403890
4130,799124416
4131,715877490
4132,732865093
4133,734024985
4134,716647799
4135,708226159
4136,774242566
4137,700090872
4138,767265348
4139,683944933
4140,732144624
4141,716315924
4142,684015401
4143,699763424
4144,734190971
4145,734033576
4146,732253790
4147,684116597
4148,715616133
4149,683731234
4150,749418996
4151,751257115
4152,749085610
4153,700328160
4154,698406291
4155,683760087
4156,683432170
4157,683166494
4158,684141387
4159,699663056
4160,717601854
4161,732221079
4162,683368785
4163,716950866
4164,716685346
4165,719718357
4166,730440146
4167,682108007
4168,735141433
4169,717000083
4170,750299457
4171,630581397
4172,650497272
4173,825161981
4174,658658132
4175,519287738
4176,647605458
4177,487899867
4178,677976560
4179,490501005
4180,677809737
4181,482318270
4182,700424613
4183,503844348
4184,713126916
4185,508136366
4186,694088330
4187,659061513
4188,672276315
4189,623968031
4190,657368445
4191,605876577
4192,651195861
4193,625680785
4194,667478621
4195,500427014
4196,633955707
4197,509012923
4198,656900112
4199,475260478
4200,691633179
4201,550400605
4202,682228991
4203,516436024
4204,683743152
4205,598166026
4206,652177262
4207,468328363
4208,665678156
4209,570523666
4210,685575177
4211,492555058
4212,667953669
4213,617127476
4214,666366955
4215,482753786
4216,649698519
4217,477145679
4218,656357039
4219,478353748
4220,687736888
4221,501489612
4222,666051434
4223,474065323
4224,676019216
4225,477834113
4226,637439858
4227,468675861
4228,714660395
4229,497022333
4230,636971474
4231,656011152
4232,677044211
4233,557645370
4234,676246349
4235,526068959
4236,657149587
4237,474077718
4238,653071630
4239,669517828
4240,669804337
4241,470262052
4242,662389620
4243,553675434
4244,646672587
4245,499097430
4246,651754810
4247,478975149
4248,659265151
4249,542547239
4250,635048873
4251,465473837
4252,654182198
4253,499278939
4254,613033005
4255,523267821
4256,661495508
4257,687299956
4258,662178161
4259,547958888
4260,669714126
4261,481118110
4262,666809448
4263,499199823
4264,651782204
4265,479756447
4266,620759646
4267,566345703
4268,634454914
4269,492682031
4270,607085366
4271,495754833
4272,620176209
4273,517649608
4274,615254037
4275,625541557
4276,658998586
4277,537229233
4278,610303792
4279,473185634
4280,644930609
4281,541360260
4282,657627704
4283,525487811
4284,642690668
4285,681818356
4286,633514134
4287,494852492
4288,639243543
4289,472339646
4290,660518111
4291,533915857
4292,616051273
4293,553446419
4294,629566021
4295,466043155
4296,617874651
4297,475787812
4298,606984009
4299,540893021
4300,692757799
4301,649198874
4302,650708557
4303,513988626
4304,652939747
4305,673162391
4306,662982684
4307,476934213
4308,669346101
4309,517324449
4310,649231009
4311,528862485
4312,654478179
4313,592327648
4314,624205828
4315,485718247
4316,664921844
4317,532878045
4318,650501890
4319,464982479
4320,617896212
4321,483541691
4322,633141162
4323,121184354
4324,645862945
4325,480546596
4326,619411101
4327,504275271
4328,631093564
4329,689515098
4330,658517019
4331,113736097
4332,654242605
4333,482027997
4334,651269385
4335,485615120
4336,664478718
4337,116641139
4338,648865799
4339,593262486
4340,671342601
4341,478072957
4342,665126684
4343,505626202
4344,636229484
4345,474006876
4346,643458732
4347,508283694
4348,691808057
4349,501056112
4350,633487304
4351,130736510
4352,633773397
4353,480610135
4354,635721099
4355,486984178
4356,662373826
4357,555058751
4358,628914662
4359,497629664
4360,652770732
4361,498495650
4362,653210991
4363,492286191
4364,639328223
4365,514374245
4366,618928183
4367,582060071
4368,667805684
4369,506669842
4370,626333783
4371,474829684
4372,609911909
4373,817487549
4374,649384335
4375,504574276
4376,628350600
4377,649643240
4378,119880346
4379,596881377
4380,524886659
4381,640734778
4382,627879976
4383,638495202
4384,168347953
4385,615656004
4386,123331638
4387,643017375
4388,113948490
4389,635247764
4390,517163766
4391,634122507
4392,117598271
4393,615156891
4394,610008105
4395,622776137
4396,503952818
4397,629005492
4398,607064208
4399,602060005
4400,483624654
4401,591208112
4402,492666969
4403,640989880
4404,552469850
4405,629851530
4406,494625607
4407,638782334
4408,119487691
4409,647302359
4410,115227808
4411,623765247
4412,110004128
4413,618992085
4414,133689000
4415,665948185
4416,112041829
4417,637033798
4418,204969606
4419,629353406
4420,115770516
4421,650186725
4422,114746300
4423,652498331
4424,115165309
4425,617658911
4426,113893855
4427,651944739
4428,110427564
4429,689992065
4430,117647280
4431,653449265
4432,122066641
4433,657561075
4434,536687450
4435,629489342
4436,114296718
4437,652952548
4438,118179726
4439,631183919
4440,498957571
4441,636377652
4442,547091063
4443,617721513
4444,503822972
4445,629763141
4446,469185895
4447,629637152
4448,464000182
4449,636620880
4450,579274188
4451,619964162
4452,523092181
4453,694286268
4454,480315338
4455,602851561
4456,560896122
4457,657268209
4458,515629287
4459,649904430
4460,127288291
4461,621862280
4462,596206477
4463,628128146
4464,540511447
4465,635779683
4466,473840462
4467,643664502
4468,644590332
4469,620594210
4470,484310637
4471,632262142
4472,612935902
4473,636864732
4474,548705951
4475,651285622
4476,528011486
4477,638947536
4478,476899774
4479,656206074
4480,678073401
4481,620965354
4482,486970784
4483,630648500
4484,529708667
4485,637644936
4486,467983604
4487,631024488
4488,490690823
4489,608881486
4490,482491839
4491,618824735
4492,468905788
4493,631341257
4494,467011680
4495,649631668
4496,478454247
4497,637282280
4498,528189817
4499,639221127
4500,485551725
4501,631000893
4502,491466185
4503,658169296
4504,508205974
4505,640498831
4506,590796751
4507,628285746
4508,115690410
4509,632488284
4510,137191279
4511,621624829
4512,513822206
4513,611498559
4514,481565903
4515,617372862
4516,513588769
4517,602795410
4518,482650847
4519,617873225
4520,488678588
4521,645281054
4522,485645264
4523,630767351
4524,497419549
4525,636323165
4526,487099842
4527,631762607
4528,111312976
4529,635057857
4530,119127117
4531,631277244
4532,154600806
4533,645990686
4534,498584754
4535,618442494
4536,588048684
4537,626837570
4538,620069572
4539,597340321
4540,502497970
4541,647337921
4542,525826072
4543,641707001
4544,499759229
4545,632699373
4546,525201125
4547,641857365
4548,506993944
4549,625811114
4550,508774928
4551,624403827
4552,615744428
4553,617680827
4554,480812934
4555,635812228
4556,476403313
4557,606653572
4558,507571390
4559,626701632
4560,524252950
4561,625969134
4562,530923710
4563,601265828
4564,593541477
4565,623252528
4566,504154890
4567,613727714
4568,490943630
4569,645265113
4570,702246857
4571,643701107
4572,476176854
4573,673101377
4574,483689121
4575,635308634
4576,770689657
4577,595108971
4578,496024394
4579,636820400
4580,485078127
4581,631298959
4582,504354575
4583,629639224
4584,483555528
4585,699057282
4586,508027115
4587,643372982
4588,498940634
4589,684015663
4590,641605383
4591,657870956
4592,613914482
4593,640749708
4594,499448341
4595,711283387
4596,668142850
4597,545739441
4598,654200811
4599,464125798
4600,659521418
4601,490382901
4602,637774248
4603,487528534
4604,644022926
4605,650185875
4606,651380299
4607,496881212
4608,651376444
4609,504302698
4610,627936676
4611,467014433
4612,668013369
4613,491596229
4614,608957517
4615,507108939
4616,657398350
4617,493317942
4618,639973876
4619,475817321
4620,656820072
4621,492388205
4622,625262621
4623,634830610
4624,681579574
4625,480857148
4626,637863777
4627,520930196
4628,643762040
4629,565129220
4630,634954203
4631,603403264
4632,647853745
4633,541068203
4634,658060483
4635,729161138
4636,654065131
4637,498338081
4638,635378836
4639,120080551
4640,662579686
4641,115582127
4642,685068312
4643,133596496
4644,649031137
4645,117636548
4646,665572333
4647,113818643
4648,670045703
4649,111555369
4650,638242212
4651,134950919
4652,663847129
4653,117252695
4654,650722328
4655,110495529
4656,673080642
4657,111654379
4658,655051272
4659,137360286
4660,645041513
4661,119972113
4662,646567028
4663,115238483
4664,684579301
4665,467040524
4666,633379988
4667,114243850
4668,635771542
4669,614312705
4670,652310707
4671,487361240
4672,612803543
4673,117482902
4674,648589521
4675,506582063
4676,661384011
4677,465137093
4678,633836965
4679,478562413
4680,638877469
4681,120292059
4682,645142917
4683,159936515
4684,673604909
4685,118902428
4686,648252699
4687,602939043
4688,632154365
4689,631178222
4690,487226187
4691,630059268
4692,493200803
4693,622968665
4694,614544265
4695,618493784
4696,648859571
4697,624072151
4698,609807822
4699,617664255
4700,489168628
4701,610247716
4702,481564642
4703,602914719
4704,511651056
4705,603704976
4706,628158596
4707,623253872
4708,617611390
4709,615095721
4710,632824517
4711,653655857
4712,596275052
4713,601167484
4714,664770612
4715,634624511
4716,632392383
4717,635750966
4718,681446026
4719,1107030536
4720,677888069
4721,580300467
4722,718059189
4723,673439802
4724,488527692
4725,703469340
4726,464355895
4727,709019530
4728,489272533
4729,687916577
4730,448671883
4731,669219138
4732,698934563
4733,652868305
4734,459114661
4735,693863589
4736,677953432
4737,631582644
4738,409373884
4739,676177708
4740,648307590
4741,415131730
4742,703741786
4743,462420222
4744,734689290
4745,752012671
4746,566013376
4747,666656905
4748,416227404
4749,718455175
4750,681881751
4751,666223104
4752,682974820
4753,685121272
4754,683202633
4755,682910811
4756,665602013
4757,732202161
4758,742853481
4759,699898307
4760,693218068
4761,684216847
4762,667613932
4763,698277218
4764,781322522
4765,634261956
4766,510327410
4767,660044737
4768,1476585166
4769,636234607
4770,648504358
4771,651926847
4772,598577645
4773,370519894
4774,697123315
4775,593540733
4776,638484910
4777,120607734
4778,664123213
4779,671235481
4780,678017491
4781,639258345
4782,502730923
4783,624536153
4784,489633310
4785,611859059
4786,480642089
4787,617092271
4788,119667633
4789,597253065
4790,126054539
4791,642578855
4792,501614520
4793,580152807
4794,649654301
4795,618047007
4796,632304617
4797,668756999
4798,124755272
4799,606935116
4800,616118680
4801,633283208
4802,132985507
4803,667237993
4804,123130225
4805,629558531
4806,649238936
4807,665389770
4808,699862835
4809,600115398
4810,638446732
4811,627136039
4812,650984972
4813,582118477
4814,684313250
4815,635597209
4816,664270711
4817,399724381
4818,617004770
4819,524146738
4820,641923074
4821,145501508
4822,589267151
4823,483675462
4824,582282799
4825,527825892
4826,621561681
4827,119126124
4828,614361965
4829,131724051
4830,635753041
4831,122941789
4832,626170573
4833,119259040
4834,647775814
4835,503720970
4836,694982849
4837,118063315
4838,649196383
4839,125334906
4840,658089635
4841,116476965
4842,666535077
4843,144402396
4844,621467306
4845,126801255
4846,640865003
4847,952192430
4848,615062326
4849,685425327
4850,629999517
4851,600809664
4852,633785130
4853,617342162
4854,631710345
4855,634682783
4856,651918249
4857,648395187
4858,631883417
4859,650677471
4860,667533978
4861,648668415
4862,633305027
4863,649936535
4864,636803349
4865,631170658
4866,631292376
4867,952441646
4868,648581643
4869,580887384
4870,635102937
4871,590125167
4872,626969213
4873,615703624
4874,583315449
4875,127720627
4876,622153708
4877,117342588
4878,617465702
4879,135356592
4880,648631642
4881,132291393
4882,684147413
4883,140407200
4884,676178011
4885,590231363
4886,674466141
4887,146521868
4888,636830743
4889,797341992
4890,603593976
4891,127166462
4892,671845369
4893,168937680
4894,650124657
4895,628834050
4896,637314179
4897,551203625
4898,681298046
4899,145832651
4900,636616524
4901,119219404
4902,615485760
4903,136022370
4904,629364256
4905,599752478
4906,515254627
4907,651699287
4908,632918619
4909,600281434
4910,615598102
4911,635264184
4912,673846924
4913,625136301
4914,617494450
4915,120827419
4916,630448835
4917,529771923
4918,634742051
4919,616406797
4920,523193611
4921,630099410
4922,511561148
4923,669712041
4924,115539364
4925,633301743
4926,120284400
4927,614431439
4928,531614260
4929,633723563
4930,117243837
4931,648981378
4932,495180160
4933,605377405
4934,649387054
4935,600242526
4936,616201016
4937,617649814
4938,616478672
4939,641085571
4940,659306918
4941,114921137
4942,601274815
4943,117288160
4944,633217002
4945,484243112
4946,630461281
4947,601743719
4948,649198095
4949,634026999
4950,621073864
4951,661969616
4952,599530340
4953,634092050
4954,615617528
4955,601287678
4956,622313183
4957,676916598
4958,666818610
4959,640271145
4960,641771661
4961,634118769
4962,683320796
4963,649626010
4964,672160259
4965,628781025
4966,599049872
4967,667422827
4968,618790850
4969,647945755
4970,649201428
4971,618060539
4972,666846265
4973,652088606
4974,629248367
4975,619931575
4976,596819723
4977,601187157
4978,615611953
4979,633669811
4980,616657314
4981,667214962
4982,599285496
4983,635986626
4984,646888882
4985,650646526
4986,615784921
4987,635519805
4988,631609244
4989,584171274
4990,599302943
4991,617235802
4992,615165548
4993,636505270
4994,630754455
4995,667628293
4996,648909187
4997,633113927
4998,640976401
4999,660125818
5000,648142836
5001,636607352
5002,614661799
5003,616423303
5004,615997784
5005,617288561
5006,616790802
5007,616690750
5008,649184394
5009,635470116
5010,649604340
5011,632157418
5012,632867937
5013,717940941
5014,666355744
5015,665677934
5016,600411532
5017,633785433
5018,616322470
5019,616217418
5020,600312105
5021,632326532
5022,653346202
5023,614447007
5024,666228088
5025,633780016
5026,633250904
5027,655969839
5028,610039781
5029,633716631
5030,599622628
5031,617154237
5032,583576429
5033,616371843
5034,633193404
5035,600704655
5036,648728404
5037,635213709
5038,615665804
5039,648845852
5040,616793040
5041,649481266
5042,634515534
5043,600033250
5044,599126535
5045,617413142
5046,616160750
5047,634695481
5048,649107049
5049,619661780
5050,649492932
5051,613984554
5052,666559973
5053,584018901
5054,704282847
5055,611002972
5056,651218454
5057,599210723
5058,632914770
5059,584985045
5060,664640021
5061,618415030
5062,632027065
5063,635323043
5064,647416229
5065,634792368
5066,615176188
5067,585591867
5068,615651552
5069,650517313
5070,632616752
5071,617330244
5072,599334892
5073,619786381
5074,646917899
5075,635713720
5076,662955238
5077,634362684
5078,599509788
5079,600341659
5080,632862951
5081,633498001
5082,632655034
5083,618521127
5084,597533077
5085,617976233
5086,665933146
5087,619855758
5088,630091659
5089,584698384
5090,633411022
5091,636654033
5092,628833174
5093,650831742
5094,649606434
5095,625686312
5096,656464484
5097,619681698
5098,681013355
5099,620203884
5100,629456768
5101,599959738
5102,616671189
5103,650895546
5104,665907628
5105,606051070
5106,593864239
5107,651342889
5108,614719113
5109,617295719
5110,617097126
5111,649968884
5112,599278439
5113,634685865
5114,666173514
5115,617582490
5116,631844314
5117,636592890
5118,630764266
5119,616289526
5120,616705618
5121,652370179
5122,649239097
5123,699382929
5124,665387529
5125,636577319
5126,596582045
5127,649966907
5128,600325105
5129,616163955
5130,667033306
5131,632829104
5132,616562079
5133,617205931
5134,616374216
5135,618133428
5136,598725997
5137,650064669
5138,616153435
5139,633921706
5140,616177030
5141,642885840
5142,606946177
5143,651237114
5144,615562762
5145,650230243
5146,600104796
5147,649698057
5148,616255677
5149,632963690
5150,653923407
5151,650969199
5152,662500981
5153,617190882
5154,599590215
5155,618279993
5156,664784307
5157,634666497
5158,648216658
5159,634135666
5160,633376554
5161,632610724
5162,633305462
5163,585120216
5164,663956395
5165,601514689
5166,634273271
5167,615465265
5168,632797392
5169,601243493
5170,633000463
5171,650639880
5172,615280267
5173,617399686
5174,648950981
5175,601366150
5176,616869220
5177,599510323
5178,684404137
5179,632015729
5180,632008333
5181,617207969
5182,616657086
5183,599999020
5184,633287131
5185,618281508
5186,582199969
5187,600848965
5188,631573753
5189,617298074
5190,616765732
5191,633365205
5192,632919634
5193,632905259
5194,616512661
5195,650594311
5196,633247967
5197,599785429
5198,636978683
5199,613348454
5200,616159642
5201,617787136
5202,599200536
5203,616633495
5204,650253377
5205,683661592
5206,633382290
5207,650175876
5208,615237459
5209,633787185
5210,625859401
5211,624510917
5212,598385228
5213,619150832
5214,636117803
5215,613691528
5216,630889905
5217,585614492
5218,632628805
5219,617596359
5220,597813668
5221,634879475
5222,615773657
5223,601446103
5224,632053339
5225,633121825
5226,617202819
5227,629154235
5228,653532796
5229,633820104
5230,616156521
5231,617154590
5232,600228557
5233,616056105
5234,633240211
5235,601194231
5236,648826771
5237,617292768
5238,615763242
5239,601035534
5240,672167991
5241,660588501
5242,616117461
5243,600012413
5244,634238386
5245,632275164
5246,599470540
5247,633518597
5248,600739963
5249,633568077
5250,631994437
5251,617633862
5252,618130736
5253,632670007
5254,632954278
5255,598593410
5256,633881514
5257,634335419
5258,583315547
5259,633243964
5260,614578718
5261,618598808
5262,615177153
5263,585795539
5264,597448831
5265,634357971
5266,633181674
5267,617060377
5268,598992992
5269,638335094
5270,628547941
5271,617719229
5272,599124920
5273,633977818
5274,618320426
5275,597110605
5276,633957975
5277,666924890
5278,666626089
5279,650841144
5280,616450277
5281,635516772
5282,614384242
5283,631551058
5284,633896465
5285,617744595
5286,615818457
5287,617783397
5288,632610793
5289,633085636
5290,633030584
5291,600203460
5292,615977832
5293,633218865
5294,700291129
5295,617993763
5296,631976786
5297,650420211
5298,637368226
5299,650844793
5300,644879919
5301,701756073
5302,615267679
5303,653205671
5304,630327575
5305,599175496
5306,633478710
5307,600561742
5308,615860438
5309,651762031
5310,599162060
5311,615720855
5312,582604879
5313,600722315
5314,633070379
5315,651348179
5316,600099609
5317,582209203
5318,616636947
5319,601323980
5320,631972362
5321,616380386
5322,616715489
5323,617274185
5324,648823918
5325,617398716
5326,600443984
5327,583286805
5328,582490922
5329,600739244
5330,598665449
5331,638027342
5332,647293768
5333,599423520
5334,582573162
5335,600884869
5336,616066535
5337,584174251
5338,665120321
5339,618182100
5340,582848735
5341,583042745
5342,582969672
5343,651508390
5344,648824857
5345,600509975
5346,618388975
5347,630519401
5348,601130182
5349,616104400
5350,616281223
5351,600266331
5352,650261521
5353,666064746
5354,599457897
5355,601263464
5356,616209557
5357,616551952
5358,599647324
5359,633156060
5360,616388931
5361,600396227
5362,632929395
5363,618730382
5364,649710431
5365,631820233
5366,633333926
5367,615807007
5368,634112412
5369,633292936
5370,615415551
5371,602653460
5372,614265972
5373,617745803
5374,581906450
5375,667723390
5376,616352006
5377,616543725
5378,632379971
5379,617607367
5380,599047693
5381,617335806
5382,633516218
5383,583462748
5384,599327692
5385,600963624
5386,666306625
5387,651716155
5388,630695864
5389,617459868
5390,581678484
5391,635218974
5392,600134409
5393,600304565
5394,620338192
5395,612553689
5396,616476956
5397,583312905
5398,632490442
5399,634784132
5400,616785810
5401,600213732
5402,599380766
5403,583302073
5404,615580919
5405,601014408
5406,632643620
5407,617316851
5408,599594621
5409,616530447
5410,632916796
5411,599568528
5412,600435191
5413,616994404
5414,615856700
5415,651044702
5416,649038771
5417,600132902
5418,615841752
5419,634098668
5420,619258720
5421,631630917
5422,649199137
5423,617599820
5424,582281767
5425,600462537
5426,600917066
5427,615360922
5428,633443255
5429,667008190
5430,615411703
5431,600924253
5432,649383720
5433,600300715
5434,599636029
5435,634333148
5436,599467176
5437,601109618
5438,598132754
5439,584391812
5440,616561232
5441,598943115
5442,584146917
5443,599993269
5444,617233313
5445,633758359
5446,599221761
5447,601200765
5448,632244146
5449,599221397
5450,582748902
5451,601052954
5452,600267435
5453,615982485
5454,616330765
5455,600973162
5456,600168530
5457,649063463
5458,650003095
5459,635905802
5460,647083888
5461,633133780
5462,599919417
5463,618173832
5464,666882464
5465,615094468
5466,633916329
5467,617756021
5468,617891125
5469,631233839
5470,652379235
5471,681734913
5472,651478248
5473,639919435
5474,640480422
5475,600325979
5476,632541596
5477,616695922
5478,633271750
5479,601603111
5480,632313681
5481,600669989
5482,615592229
5483,637959338
5484,629098431
5485,666583041
5486,600294313
5487,600280772
5488,617241858
5489,615534990
5490,616312279
5491,617342848
5492,618314095
5493,664756850
5494,618095919
5495,598107291
5496,634411487
5497,632861545
5498,634090031
5499,636118513
5500,645480407
5501,634811069
5502,580986986
5503,688958641
5504,646830038
5505,616265666
5506,632527745
5507,633696439
5508,666391534
5509,616992956
5510,635903307
5511,715521779
5512,664639717
5513,617963109
5514,598515677
5515,617122539
5516,633410086
5517,633582794
5518,648930710
5519,617379622
5520,617313320
5521,648681596
5522,633715242
5523,617023269
5524,634461802
5525,582195162
5526,616294313
5527,584129842
5528,632225613
5529,618490400
5530,615331036
5531,617068739
5532,651805962
5533,648312172
5534,632408373
5535,600621869
5536,632542227
5537,634001128
5538,615519629
5539,617613581
5540,632815663
5541,617683633
5542,615447026
5543,601505356
5544,632875663
5545,619595658
5546,629207343
5547,601213274
5548,618185923
5549,614748279
5550,632808373
5551,618202122
5552,632386083
5553,599127344
5554,599696249
5555,634157014
5556,620199303
5557,613891877
5558,631469420
5559,617257907
5560,599949165
5561,634511649
5562,615136456
5563,619137849
5564,598369900
5565,632594781
5566,599935416
5567,617248637
5568,598991409
5569,601153224
5570,615757496
5571,600703747
5572,582865788
5573,600837392
5574,615105624
5575,600698175
5576,616479682
5577,666628779
5578,600164166
5579,634809671
5580,655428349
5581,609924341
5582,599366200
5583,650304826
5584,616618900
5585,600783539
5586,642647248
5587,623679605
5588,617215878
5589,600608123
5590,667744036
5591,646823068
5592,634097435
5593,600170052
5594,617955512
5595,665535868
5596,617302441
5597,615822238
5598,600870624
5599,665532900
5600,633111241
5601,617827439
5602,666524406
5603,632584315
5604,599836461
5605,649280039
5606,650509046
5607,617364681
5608,599036568
5609,616608122
5610,683015235
5611,599745159
5612,650185453
5613,617045152
5614,633495199
5615,619721445
5616,613450269
5617,649295873
5618,634840976
5619,614966566
5620,634113791
5621,633926917
5622,641280224
5623,641424495
5624,583335791
5625,625774706
5626,625066948
5627,652769977
5628,647902858
5629,631493176
5630,616642550
5631,601076823
5632,633410982
5633,698389976
5634,621010973
5635,630060265
5636,617965516
5637,632506350
5638,681804877
5639,637586437
5640,649257178
5641,613226366
5642,633741451
5643,665663475
5644,700319710
5645,617130936
5646,650949724
5647,618789472
5648,630362817
5649,583190012
5650,585507972
5651,614121884
5652,633737805
5653,600085631
5654,633789264
5655,632197239
5656,622142794
5657,628320377
5658,600522973
5659,649577856
5660,616792084
5661,600454015
5662,649805823
5663,633019215
5664,600030163
5665,632834424
5666,599784591
5667,600032767
5668,617137812
5669,600250058
5670,616736095
5671,635235823
5672,614566207
5673,666341340
5674,633624944
5675,615871359
5676,602464166
5677,647986040
5678,649838794
5679,600277768
5680,583386732
5681,683400501
5682,616154119
5683,616712555
5684,650306709
5685,600410320
5686,616061984
5687,617335470
5688,599513448
5689,616129015
5690,601192088
5691,615804016
5692,599474333
5693,618567393
5694,615241049
5695,616548441
5696,666153530
5697,633291092
5698,635049003
5699,615977662
5700,616093964
5701,632766563
5702,633710831
5703,600138707
5704,633277186
5705,651048271
5706,614696782
5707,618061041
5708,634624265
5709,632235055
5710,615926465
5711,599470481
5712,617055784
5713,617543283
5714,682631339
5715,616197767
5716,616951306
5717,617092868
5718,599392669
5719,649701661
5720,599736158
5721,584820376
5722,633683332
5723,599675689
5724,616555683
5725,649040415
5726,599255586
5727,635029265
5728,582512884
5729,599109024
5730,600101678
5731,636393480
5732,681194315
5733,616429643
5734,633449375
5735,584368295
5736,615432719
5737,583525954
5738,599306576
5739,600584750
5740,599928449
5741,616546570
5742,599593868
5743,651204419
5744,616207508
5745,583038456
5746,600212564
5747,599565274
5748,632960368
5749,650392443
5750,599452880
5751,617436098
5752,600072304
5753,616290426
5754,599485484
5755,635795462
5756,618572606
5757,679934997
5758,806209719
5759,643050437
5760,649896664
5761,667626760
5762,684247119
5763,688663666
5764,792604349
5765,683558997
5766,683299518
5767,683843579
5768,666915409
5769,685529302
5770,666643639
5771,696994575
5772,670069461
5773,667805718
5774,694799687
5775,674044707
5776,661120325
5777,715668001
5778,649451042
5779,683312540
5780,734549864
5781,683371759
5782,648698545
5783,668974829
5784,698291083
5785,616083241
5786,635054218
5787,683167645
5788,654338630
5789,662281363
5790,734029814
5791,697720669
5792,688340805
5793,672253308
5794,690278715
5795,648984326
5796,685461441
5797,715036026
5798,700060244
5799,666428172
5800,771851091
5801,685120557
5802,726748590
5803,750064291
5804,766335850
5805,650808748
5806,644195854
5807,704643563
5808,649637450
5809,668263115
5810,715187381
5811,633200267
5812,633186413
5813,673757315
5814,643099036
5815,683983113
5816,667332963
5817,698644313
5818,705259395
5819,677976572
5820,634002504
5821,684625039
5822,698014159
5823,687035135
5824,678435530
5825,667534733
5826,617118500
5827,650391407
5828,684108947
5829,721035956
5830,662936572
5831,687778414
5832,709988494
5833,733428205
5834,675876998
5835,692415586
5836,631373869
5837,684026761
5838,682906869
5839,716794252
5840,652841400
5841,747296543
5842,718564872
5843,683934835
5844,648031417
5845,700498111
5846,665209534
5847,668599054
5848,665367764
5849,668009525
5850,632327565
5851,722964285
5852,642243573
5853,717023316
5854,684033116
5855,743766921
5856,705381689
5857,650595992
5858,666156615
5859,701427744
5860,669977280
5861,663710270
5862,723913501
5863,751906946
5864,688435081
5865,669604990
5866,798140277
5867,667174113
5868,666144116
5869,667016873
5870,732108578
5871,733047011
5872,689467735
5873,716529725
5874,680006413
5875,721023512
5876,721139657
5877,721812051
5878,667745935
5879,682872029
5880,634302144
5881,698429892
5882,700127959
5883,650100839
5884,633122199
5885,673221177
5886,732773524
5887,644039089
5888,716699048
5889,716799569
5890,669386191
5891,714357546
5892,667185886
5893,667233906
5894,715276762
5895,649760633
5896,700695510
5897,683066925
5898,699062183
5899,739295378
5900,694848812
5901,733754355
5902,715684886
5903,660468461
5904,657196858
5905,749791436
5906,698701560
5907,723710276
5908,720990962
5909,640753113
5910,730814314
5911,616924236
5912,667383229
5913,717560349
5914,719971903
5915,701541186
5916,627076441
5917,716514781
5918,733979825
5919,698634738
5920,684588953
5921,717588214
5922,673915499
5923,719714926
5924,721546691
5925,717312539
5926,666330734
5927,699233799
5928,684050152
5929,652391043
5930,679592147
5931,651978545
5932,714964786
5933,684013695
5934,683828435
5935,683417759
5936,683217812
5937,716782385
5938,684058695
5939,667367763
5940,697809637
5941,700867283
5942,699571402
5943,699582549
5944,716398897
5945,701185876
5946,681166309
5947,686110877
5948,665954643
5949,666147403
5950,714886559
5951,736441798
5952,730821557
5953,717455612
5954,683980780
5955,681859485
5956,685384004
5957,688745816
5958,693552206
5959,668886300
5960,687482747
5961,726235636
5962,716836709
5963,700550099
5964,699550675
5965,663657100
5966,685822024
5967,682704327
5968,683980364
5969,666583080
5970,717952487
5971,682374849
5972,711532354
5973,655450202
5974,682442661
5975,766804612
5976,667190578
5977,665526834
5978,677082316
5979,723145595
5980,690017584
5981,710336264
5982,672626915
5983,644657635
5984,683195472
5985,701106349
5986,632656374
5987,699681145
5988,750008004
5989,719231338
5990,664595224
5991,665471158
5992,650337929
5993,716401765
5994,717013377
5995,699350730
5996,714324480
5997,652356463
5998,668407971
5999,698266827
6000,688365455
6001,662142837
6002,800584967
6003,686416973
6004,698053964
6005,731989265
6006,698480108
6007,667017404
6008,701997752
6009,687073741
6010,727868654
6011,683689118
6012,656513221
6013,658808682
6014,668401826
6015,818878864
6016,663181584
6017,719955608
6018,763986812
6019,707305860
6020,645310812
6021,753432838
6022,826875972
6023,682483394
6024,717820147
6025,717532492
6026,680872826
6027,701205570
6028,668969065
6029,697832821
6030,716112081
6031,684875781
6032,715702239
6033,716061769
6034,700563853
6035,632423617
6036,683668859
6037,749699049
6038,700360834
6039,699901616
6040,666792928
6041,701241507
6042,697683812
6043,651279856
6044,699309744
6045,685323697
6046,663968354
6047,706281074
6048,699613127
6049,758286313
6050,704087592
6051,718014784
6052,715092763
6053,734403322
6054,698973391
6055,666039024
6056,683637975
6057,722767320
6058,726762932
6059,691597688
6060,678195754
6061,682178553
6062,713782455
6063,770244554
6064,648346377
6065,632228203
6066,674023008
6067,725227104
6068,668508288
6069,718816553
6070,712424908
6071,749945405
6072,712827772
6073,704507331
6074,809233796
6075,706821021
6076,682943239
6077,667452302
6078,683782038
6079,701265312
6080,701183697
6081,684271256
6082,646200865
6083,701217656
6084,715715314
6085,615190971
6086,730133287
6087,687826139
6088,682830271
6089,718360358
6090,732477706
6091,683923444
6092,699237559
6093,665959756
6094,700860157
6095,649657832
6096,665991787
6097,729866204
6098,707192532
6099,666192359
6100,680584811
6101,649615125
6102,682958917
6103,717254894
6104,699940839
6105,685105473
6106,731203701
6107,652499230
6108,756524239
6109,679082628
6110,698619332
6111,730176517
6112,717040312
6113,734698376
6114,648770441
6115,754261487
6116,711901788
6117,652298762
6118,749721658
6119,713560637
6120,717415259
6121,716690105
6122,633457941
6123,615932272
6124,701353023
6125,632451227
6126,718551505
6127,682144754
6128,769386436
6129,678661016
6130,717614060
6131,719768793
6132,667529857
6133,678751485
6134,700158756
6135,717223176
6136,666380850
6137,707425762
6138,709678098
6139,682789857
6140,819598296
6141,646894771
6142,650786425
6143,666746891
6144,668442250
6145,681763559
6146,716362295
6147,670828596
6148,662245448
6149,666457570
6150,683222773
6151,734736087
6152,649962158
6153,698413398
6154,701856563
6155,665113303
6156,649886949
6157,683635220
6158,699656258
6159,649873669
6160,649682627
6161,633884139
6162,760740790
6163,755065497
6164,700097404
6165,766753738
6166,682742463
6167,700431048
6168,650946478
6169,649600545
6170,669270322
6171,665537886
6172,731962086
6173,649332941
6174,701644794
6175,666766164
6176,699954644
6177,715380686
6178,683136212
6179,734336246
6180,688607130
6181,661093996
6182,686438284
6183,695074713
6184,749826974
6185,685056414
6186,652938295
6187,647024564
6188,683921262
6189,665123617
6190,736197646
6191,747184900
6192,667186215
6193,686220942
6194,681539760
6195,649074297
6196,699920687
6197,682738714
6198,650863979
6199,675925716
6200,689036974
6201,704547911
6202,679460757
6203,733555156
6204,632790656
6205,675862124
6206,691001447
6207,683062307
6208,717455054
6209,699807876
6210,683688191
6211,732145057
6212,700942455
6213,699378190
6214,699924594
6215,739353991
6216,643671505
6217,666831581
6218,669487198
6219,696006066
6220,719080206
6221,699829022
6222,765459944
6223,666150231
6224,651394760
6225,698948817
6226,734323905
6227,682455852
6228,669837041
6229,664688725
6230,682576373
6231,701863234
6232,647446544
6233,736017024
6234,665717211
6235,701127351
6236,657500885
6237,740052792
6238,634013362
6239,685375582
6240,665501431
6241,684229388
6242,682114500
6243,682698560
6244,665614608
6245,701129695
6246,648619978
6247,702463025
6248,648134928
6249,700013814
6250,652409028
6251,698742829
6252,682546374
6253,738615401
6254,678969824
6255,680916379
6256,684217358
6257,668979180
6258,715206471
6259,672677605
6260,676996601
