,local_delta
0,265408800
1,104874391
2,112956432
3,85531995
4,86581260
5,84530854
6,153380229
7,143769760
8,101082070
9,89407757
10,114893403
11,126763809
12,98748333
13,98710677
14,92555241
15,97172039
16,188577392
17,78440212
18,138417448
19,87001677
20,92066911
21,93849767
22,92287223
23,99102032
24,75988767
25,101006188
26,143223572
27,98248443
28,94100601
29,99954372
30,105746166
31,115335803
32,97897040
33,91252544
34,98572037
35,94879609
36,88204279
37,95772313
38,119473648
39,103414982
40,100364737
41,112081031
42,85269973
43,104931850
44,85092995
45,84146282
46,90376093
47,102218636
48,89839065
49,113790138
50,86367469
51,76945070
52,98515271
53,103942118
54,91948535
55,85020498
56,113280299
57,134307326
58,106980593
59,114736282
60,88480116
61,92247806
62,92440929
63,91120833
64,125010867
65,123505614
66,103259156
67,103275927
68,117663614
69,105840133
70,93171084
71,93884310
72,94923576
73,124639987
74,119377045
75,181970057
76,93449782
77,111949323
78,107013047
79,97567314
80,106259092
81,91035525
82,85817322
83,94533892
84,98911318
85,98799964
86,101483440
87,85866906
88,95006547
89,101883179
90,83682178
91,97871585
92,94408894
93,94788840
94,96631748
95,129113354
96,99716368
97,102066461
98,98876425
99,90936518
100,97783827
101,101923910
102,111314540
103,102581876
104,113211510
105,115937902
106,104995615
107,102664585
108,98518668
109,86348210
110,113301615
111,111584592
112,76644300
113,95936391
114,83872910
115,101922246
116,108210236
117,100659023
118,109357522
119,101686258
120,110532777
121,104668171
122,102674535
123,98834815
124,104859108
125,94892439
126,94655254
127,105607803
128,103957134
129,87836174
130,88885075
131,90820534
132,91376417
133,84023954
134,104295207
135,90386631
136,89958196
137,129767736
138,88796691
139,87369980
140,99378670
141,96377852
142,96602226
143,99746794
144,96055198
145,116858219
146,90267051
147,93955053
148,95786033
149,113435738
150,86832016
151,102946676
152,107964411
153,93961043
154,89443670
155,91692826
156,100865177
157,117005201
158,101062155
159,109011126
160,97941233
161,101511737
162,102046786
163,120063573
164,128153949
165,107968997
166,76964412
167,93897400
168,94097713
169,96735356
170,98663211
171,103377302
172,85343173
173,89923359
174,94523857
175,101940123
176,103653032
177,100656172
178,81311423
179,128280828
180,112023877
181,114113034
182,106076355
183,136798548
184,114946260
185,98592642
186,85600309
187,87487957
188,106297761
189,96263071
190,94513809
191,87239000
192,109382539
193,107989057
194,91974759
195,98107751
196,123202577
197,93587825
198,97423849
199,88493945
200,91041536
201,101322528
202,95094277
203,91153724
204,97657078
205,88104103
206,126652666
207,97061144
208,108975722
209,147339911
210,95146778
211,107695364
212,83838292
213,94662302
214,87251817
215,90986330
216,83308712
217,114112261
218,104852774
219,98172442
220,89201912
221,124944136
222,89363058
223,101460447
224,110668945
225,90722688
226,99612853
227,104937567
228,115953452
229,90646230
230,100292798
231,101658260
232,95054230
233,107571149
234,107721878
235,105873293
236,94691524
237,116195587
238,95861883
239,101651439
240,137424966
241,98788432
242,92937888
243,96051675
244,91197428
245,130615676
246,91320813
247,129673493
248,110103118
249,99708638
250,87212916
251,104470750
252,111965402
253,90613057
254,103528256
255,96406883
256,101479880
257,102246751
258,104363825
259,124224199
260,98145573
261,104442992
262,101801546
263,104795334
264,190180084
265,93066849
266,81794767
267,84158089
268,106609077
269,100490148
270,109667812
271,82568879
272,177270304
273,100449002
274,103718466
275,133698532
276,119428653
277,100284837
278,105427261
279,119343757
280,86401466
281,101022907
282,98450680
283,121298384
284,106058977
285,82015706
286,117311112
287,91922117
288,106492674
289,93037321
290,96248504
291,94176899
292,85854960
293,102589308
294,93514351
295,103224982
296,102160977
297,103623627
298,100805828
299,118663764
300,109925890
301,109107664
302,136282536
303,88823958
304,82298884
305,110870938
306,101925720
307,101448326
308,109865891
309,115937425
310,85096581
311,120114385
312,91664519
313,92608213
314,121108131
315,114307173
316,101860617
317,115795968
318,99433702
319,106137525
320,100421301
321,92926754
322,101553119
323,85544756
324,85819078
325,113396137
326,104694251
327,119966263
328,85708141
329,90545411
330,93705761
331,81872743
332,120757615
333,101978900
334,97156474
335,102354732
336,82855552
337,115309515
338,99345631
339,93857376
340,83255550
341,103764830
342,88005997
343,96662832
344,95953877
345,104328735
346,111024901
347,127093576
348,100132660
349,106727994
350,102867231
351,132067357
352,112120521
353,100179640
354,109968814
355,95849504
356,105290711
357,88548132
358,94688156
359,90404581
360,89176880
361,139990342
362,100533129
363,108855486
364,88710944
365,107014714
366,92148689
367,117459561
368,98095746
369,109836369
370,89096204
371,108518458
372,97243354
373,110797042
374,103293742
375,96255546
376,109003301
377,91420464
378,107562265
379,101463752
380,100990837
381,102110104
382,97258407
383,106038158
384,100426049
385,108632418
386,94742846
387,94763835
388,105588682
389,97051065
390,88062878
391,105208476
392,99485950
393,102744320
394,96565756
395,99526002
396,104879780
397,101779950
398,90156410
399,96272632
400,100213395
401,91452707
402,91765518
403,158096048
404,103363329
405,90294275
406,101935628
407,131582367
408,113806876
409,98775174
410,107769143
411,88155170
412,96539872
413,97619659
414,101082352
415,102131722
416,97694034
417,85457006
418,165049353
419,98899602
420,88975168
421,107215970
422,95767534
423,99145383
424,84348992
425,87191219
426,128013116
427,78341415
428,101703028
429,130138472
430,91257711
431,109383567
432,87582468
433,94359573
434,105930770
435,89077565
436,92002761
437,108317999
438,117112022
439,94246969
440,83697642
441,96156961
442,87761062
443,79443912
444,104646611
445,98483825
446,98821273
447,97545601
448,103294378
449,76280124
450,104844579
451,106410978
452,96104306
453,94774156
454,82856450
455,89907876
456,94651865
457,115459272
458,83696081
459,102789902
460,98080132
461,142970034
462,98671744
463,101987979
464,95768215
465,113556938
466,86150655
467,88141740
468,121779194
469,148334231
470,101850273
471,83715459
472,107180718
473,97967842
474,87878252
475,106179057
476,87417734
477,88548928
478,88586218
479,82060831
480,90693658
481,89488351
482,98594300
483,88615542
484,100804446
485,93371876
486,102605324
487,124445852
488,91660894
489,113774285
490,105407083
491,104309171
492,101012311
493,96804570
494,105881717
495,99760702
496,101680329
497,145945706
498,119927124
499,92362871
500,81856877
501,106909525
502,80990109
503,112458460
504,101712517
505,111352267
506,99814193
507,101305280
508,98126805
509,92979797
510,102724128
511,136747259
512,129153647
513,121979877
514,99827684
515,96622958
516,94295833
517,99194509
518,73219677
519,108026971
520,111972943
521,94516874
522,89687521
523,122029357
524,96379471
525,100412995
526,90149238
527,100417474
528,96534314
529,88147997
530,95717494
531,108640667
532,95182549
533,89596585
534,94746146
535,108724157
536,102156685
537,101629084
538,95730985
539,121730402
540,95292445
541,82143077
542,118865884
543,89507263
544,92313813
545,125660281
546,101968719
547,110786180
548,86991441
549,110076861
550,99778781
551,99642220
552,101293463
553,82514951
554,109105616
555,120171349
556,102544603
557,110620088
558,109433583
559,120729680
560,101649035
561,111699824
562,102246792
563,108629161
564,97177076
565,96893847
566,112707581
567,92405273
568,103916682
569,93082615
570,97042181
571,118778752
572,92413816
573,97435095
574,116993083
575,97773792
576,105352718
577,109341347
578,99242953
579,106438911
580,151330955
581,103361060
582,99973054
583,97238691
584,92177046
585,83711302
586,98142021
587,92728191
588,107718281
589,99475297
590,93988133
591,114876219
592,111301495
593,85449420
594,96072603
595,106080320
596,96207968
597,109477389
598,117512771
599,120296666
600,111844202
601,110119002
602,104241422
603,86087335
604,149684664
605,138265494
606,106433653
607,84346510
608,115082574
609,80545380
610,87266028
611,91110126
612,112715762
613,97809837
614,90825336
615,126485546
616,102740857
617,106402717
618,104451266
619,218400462
620,89695706
621,87206811
622,102037475
623,87432226
624,100077119
625,102513411
626,108255782
627,92714703
628,110989104
629,111189312
630,89230917
631,89069772
632,88836387
633,119427037
634,106269386
635,93856834
636,105516107
637,85044164
638,111351655
639,109570049
640,104268301
641,111480561
642,96308960
643,100872221
644,97446612
645,121452862
646,84956196
647,86580460
648,90695599
649,89549459
650,97060364
651,84421043
652,105373974
653,120989845
654,98921815
655,94252147
656,99746029
657,88644724
658,111136189
659,101531439
660,97550727
661,97758122
662,83842661
663,97022605
664,105823349
665,111986499
666,107622090
667,90344665
668,92281219
669,108829377
670,97831300
671,95939068
672,114939091
673,109927915
674,103309298
675,110869422
676,98640151
677,106018244
678,98133591
679,102733935
680,94148660
681,90280134
682,94267149
683,102905914
684,91549817
685,103371277
686,116701220
687,106860534
688,83706622
689,116751637
690,100545820
691,104494971
692,99098171
693,104959916
694,94446993
695,130118976
696,123504369
697,92998978
698,201214715
699,99206192
700,94260015
701,89616597
702,96633860
703,101292017
704,124618636
705,84902034
706,97816459
707,98357446
708,89875295
709,92392264
710,116956222
711,145710682
712,95652874
713,117786166
714,143463297
715,88620404
716,90453887
717,101049206
718,88670561
719,104375182
720,139003265
721,91591591
722,107055483
723,108098135
724,139459044
725,97062661
726,85047400
727,91106176
728,83510635
729,97869325
730,98944842
731,105468459
732,97877503
733,116284299
734,100022493
735,143603663
736,97355838
737,111910256
738,94795589
739,86507030
740,95287878
741,78665136
742,95980011
743,104474455
744,89118894
745,101178270
746,97449693
747,106922049
748,104976953
749,93532157
750,95475535
751,82853401
752,99439581
753,102241808
754,92641849
755,80679712
756,97411828
757,97340319
758,96125481
759,101981289
760,85496099
761,101541656
762,99703747
763,97890994
764,92866693
765,89838268
766,90084361
767,86827134
768,122624380
769,101129366
770,81945280
771,90518942
772,190533365
773,99727132
774,104472373
775,130076901
776,110386931
777,114219780
778,102266237
779,105932472
780,103297951
781,95384859
782,102279414
783,96259127
784,103896126
785,96760166
786,80241121
787,115185663
788,112054947
789,106738198
790,87459061
791,92204822
792,90777588
793,95579182
794,94428822
795,100435308
796,89157335
797,101882021
798,79223262
799,85100685
800,100687338
801,93960960
802,89939571
803,138787023
804,109302875
805,114804884
806,109420584
807,105756120
808,94393979
809,98374276
810,89673531
811,94812364
812,74264429
813,95440851
814,130634089
815,110453392
816,127344728
817,113311193
818,111840314
819,94957312
820,84198815
821,78821233
822,95235383
823,95596111
824,81787575
825,97623915
826,93005289
827,98513859
828,82889811
829,100859944
830,91422483
831,100152707
832,107179969
833,101903117
834,116579045
835,94078201
836,102836133
837,96823815
838,87840259
839,94892469
840,114170774
841,113107081
842,96764336
843,89692803
844,95692570
845,102246657
846,112904634
847,99270108
848,83904547
849,98013603
850,115051136
851,106649712
852,100432863
853,85004751
854,93675704
855,94234452
856,97742718
857,94506482
858,110043970
859,112778750
860,101197236
861,119402889
862,94743773
863,93076124
864,100939373
865,100281095
866,90650092
867,88909683
868,99216515
869,91256393
870,85542875
871,106036175
872,84874076
873,112476045
874,92822376
875,90646447
876,84055745
877,83608716
878,99947242
879,104449620
880,94850232
881,107924241
882,115600303
883,92850970
884,113883644
885,117159307
886,104359516
887,102734211
888,105406595
889,104244308
890,105506075
891,114918691
892,109301944
893,108668769
894,101542810
895,116071500
896,100386200
897,112615524
898,98234542
899,103982071
900,109503975
901,107139974
902,105179722
903,85851521
904,97493972
905,116726914
906,111289749
907,98769072
908,99706880
909,101963538
910,111049647
911,90056660
912,98607354
913,117492172
914,102970097
915,103004159
916,96602883
917,111349385
918,99952192
919,82233568
920,100012192
921,95534919
922,97233870
923,90297597
924,99430581
925,98346418
926,132502163
927,104440404
928,98287304
929,102091403
930,94214612
931,93459980
932,101328229
933,89493070
934,112021154
935,101354427
936,126583699
937,84534288
938,94104249
939,103213221
940,110753920
941,94319092
942,89593902
943,81129615
944,93102586
945,103445512
946,91364573
947,108327784
948,104002437
949,108376222
950,98772980
951,94850444
952,92388943
953,97928973
954,88048389
955,97407882
956,107701850
957,99379176
958,98781991
959,107327008
960,113765003
961,96873717
962,89072396
963,96422053
964,117755403
965,150453915
966,118886700
967,86070377
968,102279268
969,105693682
970,84634549
971,89329478
972,85735586
973,103136193
974,94109042
975,116500722
976,88548700
977,105019102
978,95416850
979,99836676
980,95042580
981,105766286
982,107247113
983,89723071
984,102753851
985,98365952
986,125025688
987,89745883
988,113334589
989,110301164
990,95532578
991,98528452
992,124612355
993,103189266
994,85928399
995,92618529
996,106597429
997,113629172
998,106885762
999,95011591
1000,101335368
1001,97764028
1002,98915117
1003,106717742
1004,96018254
1005,91823011
1006,98649025
1007,88528857
1008,89366042
1009,95915911
1010,98238246
1011,106358316
1012,117236241
1013,81854875
1014,90835151
1015,94428001
1016,92493165
1017,100954954
1018,93625505
1019,110760903
1020,114900261
1021,116786087
1022,95565861
1023,95878569
1024,82102895
1025,110200750
1026,100175530
1027,102080418
1028,90238591
1029,99636522
1030,108979974
1031,101285265
1032,96990388
1033,98252309
1034,146228000
1035,90846454
1036,103784943
1037,106498890
1038,115040314
1039,104905564
1040,83387317
1041,98526527
1042,109677107
1043,104109526
1044,125508865
1045,117285097
1046,144553007
1047,103759214
1048,104940408
1049,107974145
1050,130998270
1051,97679240
1052,102786823
1053,119462693
1054,112698137
1055,137606109
1056,125572564
1057,101229642
1058,144755299
1059,107066910
1060,141223490
1061,161092003
1062,109270703
1063,114425787
1064,110588250
1065,107343992
1066,103247863
1067,123736686
1068,107507273
1069,125623189
1070,115705417
1071,111671631
1072,110751895
1073,85971215
1074,110481115
1075,100756623
1076,84901636
1077,101298705
1078,117113953
1079,105469990
1080,133599616
1081,87874957
1082,107988365
1083,127237610
1084,100411469
1085,106755818
1086,115111409
1087,84147003
1088,95629353
1089,86374546
1090,113310636
1091,97366273
1092,90548176
1093,91374527
1094,113798655
1095,118644625
1096,138941210
1097,113301053
1098,122543672
1099,114186518
1100,107049307
1101,87983811
1102,105199158
1103,94361233
1104,99776472
1105,84934813
1106,85714810
1107,99821316
1108,103950154
1109,129861404
1110,90714894
1111,117439526
1112,108960342
1113,98358926
1114,132389727
1115,117898587
1116,101727038
1117,110331430
1118,126953551
1119,147736280
1120,104177289
1121,110862053
1122,103524166
1123,105700615
1124,96510080
1125,108845395
1126,101624330
1127,142181354
1128,112674182
1129,97120181
1130,96951016
1131,122228571
1132,99524652
1133,84694763
1134,101380998
1135,131284263
1136,98900592
1137,127045478
1138,111331114
1139,112655276
1140,101485425
1141,83617892
1142,104966505
1143,118878220
1144,173888676
1145,176298145
1146,118552127
1147,111686842
1148,115983127
1149,112037726
1150,104375622
1151,86643662
1152,100154337
1153,87081160
1154,116660313
1155,94393423
1156,113135014
1157,110742316
1158,113806521
1159,92416556
1160,110453723
1161,101527457
1162,86462778
1163,99360747
1164,101103239
1165,103526407
1166,99325070
1167,100684752
1168,90161357
1169,85577730
1170,87417722
1171,93749780
1172,98214918
1173,111827572
1174,103250314
1175,136152475
1176,90484324
1177,93744259
1178,105439108
1179,117038750
1180,99455435
1181,86525174
1182,88622926
1183,133823057
1184,111566897
1185,111574501
1186,103963750
1187,109683363
1188,99956787
1189,107579308
1190,103828646
1191,103776460
1192,99517674
1193,102932504
1194,84806170
1195,92674368
1196,89617402
1197,85712938
1198,91911768
1199,107787016
1200,95179515
1201,97726484
1202,93736396
1203,96650759
1204,112715330
1205,115840734
1206,96427167
1207,107336810
1208,94460716
1209,116834846
1210,94655090
1211,91230521
1212,113538817
1213,98234555
1214,234088283
1215,103539118
1216,99359082
1217,144397079
1218,95671493
1219,102479955
1220,88757301
1221,89489173
1222,95406598
1223,89251206
1224,92779941
1225,100927566
1226,105687598
1227,80868531
1228,100923972
1229,108146547
1230,96763624
1231,115087041
1232,87984232
1233,99533300
1234,105026768
1235,86720227
1236,105964369
1237,114030326
1238,133577488
1239,94641132
1240,90855054
1241,129629743
1242,103367400
1243,99888716
1244,94999308
1245,148744302
1246,95381391
1247,151058929
1248,81843944
1249,103465786
1250,128497560
1251,105688277
1252,109314616
1253,106235723
1254,130925936
1255,100172882
1256,126668349
1257,108401495
1258,139075956
1259,99202522
1260,128229542
1261,108018163
1262,97652893
1263,94006709
1264,106649263
1265,101881313
1266,124740284
1267,111323151
1268,189920493
1269,100370642
1270,124646743
1271,104989739
1272,108679098
1273,142912608
1274,97992735
1275,102341312
1276,100807568
1277,91209949
1278,106599837
1279,106324473
1280,109314512
1281,99777676
1282,106702492
1283,100282362
1284,108003477
1285,114892304
1286,77206255
1287,105331976
1288,110135656
1289,121614986
1290,106977595
1291,116973805
1292,102501780
1293,77653650
1294,103335475
1295,105200051
1296,93681971
1297,119502441
1298,102011573
1299,116167507
1300,157662394
1301,103744483
1302,117926459
1303,102064907
1304,129735370
1305,106279214
1306,122661700
1307,105604945
1308,87884807
1309,105571612
1310,99320491
1311,110430760
1312,185388900
1313,117075316
1314,159087233
1315,156455316
1316,108341133
1317,160956080
1318,168488550
1319,157689635
1320,130779846
1321,128337147
1322,193007203
1323,160100094
1324,122039516
1325,183499481
1326,136365969
1327,102336886
1328,121190873
1329,130351254
1330,138688096
1331,103776152
1332,106918326
1333,137809715
1334,113450227
1335,127029705
1336,124651641
1337,127279547
1338,114312621
1339,147944987
1340,162821855
1341,141728918
1342,112246691
1343,165404033
1344,138127214
1345,159627233
1346,119426455
1347,93917024
1348,101365119
1349,169746620
1350,140373923
1351,130118079
1352,145049166
1353,170224796
1354,151688463
1355,108023270
1356,166272155
1357,95069624
1358,125797055
1359,120032911
1360,120387232
1361,122097226
1362,151547474
1363,152139763
1364,132875881
1365,137743153
1366,172917077
1367,140656319
1368,120032702
1369,131382606
1370,142350375
1371,169432143
1372,130657452
1373,131829583
1374,115933500
1375,108134521
1376,175051913
1377,110073732
1378,116142771
1379,137781643
1380,183485577
1381,110836072
1382,132213384
1383,147747490
1384,128527513
1385,142571833
1386,114173872
1387,117331047
1388,118863437
1389,115083765
1390,151788984
1391,167497099
1392,208043658
1393,162191704
1394,115399076
1395,136469514
1396,145847758
1397,174730405
1398,113694135
1399,122993473
1400,141655379
1401,196357298
1402,217367528
1403,150256543
1404,171489480
1405,119946975
1406,142351991
1407,102180691
1408,133127548
1409,172536091
1410,180653038
1411,108850196
1412,142306262
1413,133209163
1414,153911113
1415,181511003
1416,143681257
1417,131020681
1418,121935717
1419,131892397
1420,139866741
1421,136354515
1422,123668784
1423,137394980
1424,167470174
1425,179426793
1426,207791942
1427,151619820
1428,128655327
1429,137037742
1430,147448430
1431,117435684
1432,215772380
1433,136679201
1434,169026679
1435,113215231
1436,151285342
1437,135015146
1438,156584436
1439,167691267
1440,136291495
1441,122108322
1442,151627633
1443,116094230
1444,145102346
1445,163722481
1446,100636635
1447,151593883
1448,187692803
1449,146178644
1450,117570059
1451,139163047
1452,121819052
1453,176133318
1454,171936095
1455,164733207
1456,122256759
1457,141317726
1458,125071957
1459,132133647
1460,139597941
1461,133976974
1462,161413897
1463,145864636
1464,122568529
1465,109928423
1466,153987624
1467,175811809
1468,165367788
1469,187779627
1470,110211494
1471,123968941
1472,180686583
1473,133830517
1474,208400119
1475,141565277
1476,170427664
1477,177550605
1478,161615876
1479,119866665
1480,126033828
1481,166877939
1482,96777953
1483,132790624
1484,185284846
1485,127696166
1486,140147002
1487,125904610
1488,151302323
1489,106670362
1490,158803283
1491,160360361
1492,107227183
1493,107978118
1494,159876040
1495,168946317
1496,110010610
1497,197262925
1498,121518222
1499,142529597
1500,149111603
1501,115495174
1502,142258645
1503,108655663
1504,155712815
1505,135412389
1506,135397857
1507,121429780
1508,203684441
1509,111556441
1510,99167218
1511,105290813
1512,166690206
1513,165836403
1514,101555758
1515,120825659
1516,124481180
1517,163229209
1518,162440926
1519,151143111
1520,121294874
1521,173317646
1522,167873216
1523,149771545
1524,102997523
1525,135115134
1526,134278726
1527,122702785
1528,128488202
1529,106045124
1530,129623097
1531,150586642
1532,155865183
1533,114623873
1534,133308147
1535,126218353
1536,93928608
1537,132845590
1538,176721376
1539,134578453
1540,104673189
1541,122731627
1542,134636002
1543,144916055
1544,149280637
1545,175991784
1546,138949906
1547,157896782
1548,164388396
1549,90257401
1550,117750214
1551,145888599
1552,191667141
1553,181204744
1554,162077607
1555,143970991
1556,154470313
1557,138412708
1558,139721666
1559,170702758
1560,126559111
1561,121206144
1562,177731557
1563,132335777
1564,96825100
1565,127856192
1566,173628324
1567,106140046
1568,131159262
1569,137361501
1570,146506083
1571,150279311
1572,148621966
1573,134684727
1574,189601076
1575,116345405
1576,131386549
1577,163294982
1578,205587788
1579,114428215
1580,143844357
1581,135895399
1582,124060817
1583,192213463
1584,123581596
1585,178090649
1586,111404304
1587,134111958
1588,122985396
1589,145712318
1590,158592680
1591,152725857
1592,157079449
1593,145319606
1594,154781375
1595,139199398
1596,112250549
1597,124909244
1598,136095387
1599,145362779
1600,139221790
1601,245268483
1602,124932990
1603,171382250
1604,123087261
1605,123144864
1606,162360947
1607,139852358
1608,159798550
1609,163038809
1610,157705268
1611,165645577
1612,137860689
1613,128610639
1614,233104928
1615,142637507
1616,136576728
1617,116017984
1618,144061308
1619,274303399
1620,149974689
1621,148419897
1622,125093446
1623,152053331
1624,175273897
1625,123725476
1626,151280153
1627,141798281
1628,153108067
1629,152444577
1630,149306401
1631,171419465
1632,142347392
1633,102273917
1634,157315145
1635,129742968
1636,164411858
1637,137933848
1638,199742885
1639,158748682
1640,130958798
1641,156455088
1642,205999752
1643,138617386
1644,145488268
1645,149149307
1646,150180347
1647,134163271
1648,156013832
1649,286598925
1650,174260124
1651,121016451
1652,112541403
1653,161372576
1654,152093726
1655,124820926
1656,128730038
1657,190204433
1658,125251705
1659,163703560
1660,109654994
1661,173204751
1662,126903577
1663,178052612
1664,136726643
1665,186872813
1666,140354973
1667,143771273
1668,136704714
1669,132290029
1670,176300627
1671,143800437
1672,134511952
1673,95092808
1674,127931174
1675,148254078
1676,150036107
1677,111717849
1678,105399101
1679,221298664
1680,118656280
1681,139254809
1682,133519551
1683,134832831
1684,117472581
1685,145012302
1686,137566213
1687,146660269
1688,125959136
1689,142853290
1690,152896825
1691,147222817
1692,149423285
1693,154586249
1694,125163144
1695,152136145
1696,135298760
1697,151212342
1698,162492489
1699,133610687
1700,147542343
1701,111069973
1702,162603113
1703,126558033
1704,133405111
1705,135866047
1706,133688339
1707,107566795
1708,121988660
1709,141656561
1710,152894312
1711,152809781
1712,151080719
1713,136598385
1714,119410325
1715,170063827
1716,132289272
1717,107838666
1718,120125218
1719,159609249
1720,113519024
1721,123042610
1722,161951224
1723,124612504
1724,180760322
1725,141905353
1726,170251006
1727,108656056
1728,121534170
1729,117633340
1730,133025826
1731,159759241
1732,156942992
1733,126566611
1734,111698603
1735,152859973
1736,140634358
1737,132533167
1738,144148104
1739,142045085
1740,122419841
1741,134453423
1742,110118965
1743,131378425
1744,153282936
1745,125099523
1746,133061234
1747,128970144
1748,170435574
1749,122618795
1750,179733377
1751,178076763
1752,138563570
1753,124105457
1754,117006089
1755,98844543
1756,162037920
1757,131778574
1758,150315847
1759,127161702
1760,119076814
1761,202962410
1762,134183986
1763,118607281
1764,110363435
1765,151462977
1766,127970188
1767,114745304
1768,126341907
1769,126548416
1770,107281612
1771,109713068
1772,116703425
1773,136694759
1774,124158208
1775,153324220
1776,156560205
1777,172643731
1778,133084552
1779,130717835
1780,135648142
1781,129315751
1782,89055532
1783,126371014
1784,117424721
1785,160350769
1786,161926444
1787,161151913
1788,167085604
1789,142729275
1790,123436431
1791,156735769
1792,133499179
1793,133505845
1794,94763699
1795,181042512
1796,110284046
1797,126908559
1798,143550467
1799,114965290
1800,118143151
1801,112125137
1802,205661542
1803,178640114
1804,124232986
1805,126144598
1806,140948799
1807,180863962
1808,176369175
1809,152937587
1810,107582638
1811,213328870
1812,170771054
1813,139402131
1814,118262831
1815,149118421
1816,200772683
1817,154727059
1818,157004035
1819,155370599
1820,118161163
1821,132421927
1822,121065742
1823,166964750
1824,150360185
1825,124874434
1826,128629377
1827,120080688
1828,148656435
1829,146525344
1830,125096880
1831,154556947
1832,155967153
1833,137853581
1834,167767762
1835,144093573
1836,188737579
1837,160843603
1838,142335865
1839,152461737
1840,139697742
1841,143012841
1842,181092064
1843,146866690
1844,142633727
1845,135033266
1846,153077149
1847,109544392
1848,105570126
1849,150502620
1850,164918487
1851,110395014
1852,131526132
1853,122972237
1854,189554859
1855,127181918
1856,132538942
1857,136189666
1858,131311964
1859,128957644
1860,120606195
1861,116321253
1862,141824500
1863,121788172
1864,154409847
1865,120799161
1866,124257490
1867,113792087
1868,147163813
1869,134238309
1870,150060214
1871,128214358
1872,123288739
1873,94989767
1874,164871963
1875,146090998
1876,164709358
1877,173489970
1878,190489061
1879,148858597
1880,130283831
1881,169580338
1882,154994733
1883,130243361
1884,124469619
1885,166106070
1886,93063099
1887,136092882
1888,173551683
1889,143338131
1890,117867906
1891,165701953
1892,135764182
1893,114462911
1894,136643972
1895,136964179
1896,145044896
1897,130449292
1898,116889051
1899,110525570
1900,116875457
1901,163265285
1902,101145583
1903,119772691
1904,148407180
1905,186616811
1906,137069018
1907,181368849
1908,134350219
1909,139344013
1910,143927808
1911,143368382
1912,150427954
1913,163148925
1914,113154832
1915,111848635
1916,145436866
1917,159643562
1918,155207475
1919,183156391
1920,139062029
1921,99799015
1922,145719518
1923,141855618
1924,131994591
1925,144664258
1926,119994191
1927,157477674
1928,174159211
1929,202749791
1930,132568857
1931,131436462
1932,174273271
1933,125513502
1934,114478415
1935,116122474
1936,132108646
1937,138534887
1938,187202049
1939,130175367
1940,189090170
1941,159263914
1942,112067999
1943,133497704
1944,146341851
1945,197713330
1946,159363547
1947,165884630
1948,174910761
1949,107436182
1950,171398578
1951,159252659
1952,152339129
1953,140573106
1954,138882014
1955,125815160
1956,137262901
1957,192392759
1958,167562747
1959,176298826
1960,161120257
1961,138199148
1962,131782179
1963,198324777
1964,153020529
1965,133176342
1966,135824984
1967,126505415
1968,156535938
1969,113512415
1970,140831171
1971,192144471
1972,175985279
1973,187304687
1974,149934280
1975,136373312
1976,124325937
1977,116110325
1978,124813851
1979,103951543
1980,140467158
1981,158629522
1982,118075841
1983,138420285
1984,165466176
1985,210729432
1986,140866530
1987,137633931
1988,135786642
1989,109588666
1990,137405024
1991,164570029
1992,153099110
1993,116837663
1994,111036891
1995,184959626
1996,128059881
1997,140306839
1998,139825121
1999,159729045
2000,108665644
2001,103731068
2002,120792705
2003,128864565
2004,122723065
2005,124805040
2006,112385686
2007,148506769
2008,147343906
2009,209834888
2010,178322339
2011,184387641
2012,140750582
2013,149245359
2014,134285176
2015,227481102
2016,121356709
2017,207277908
2018,123028476
2019,149942802
2020,171666721
2021,183292481
2022,119377232
2023,147621868
2024,104926372
2025,100897525
2026,108303500
2027,164833918
2028,137805008
2029,118702700
2030,142374947
2031,139728910
2032,149280194
2033,114701508
2034,138358912
2035,133019651
2036,149293683
2037,153073467
2038,144674836
2039,147341863
2040,165313964
2041,177384566
2042,192565266
2043,155221846
2044,140556925
2045,105946365
2046,133783032
2047,128364447
2048,136687713
2049,124561902
2050,139951508
2051,137952448
2052,143121866
2053,161686778
2054,161107040
2055,140533223
2056,133775736
2057,136337971
2058,144829933
2059,117510923
2060,122822891
2061,187831986
2062,109583541
2063,105178445
2064,112553377
2065,144374932
2066,199989251
2067,134198649
2068,158088133
2069,112103899
2070,134853437
2071,125310278
2072,126867254
2073,112382334
2074,135312133
2075,134686978
2076,115870035
2077,138527751
2078,134059634
2079,134483540
2080,128355218
2081,114852119
2082,130299693
2083,141140140
2084,129978495
2085,156164694
2086,147786219
2087,195072532
2088,125618190
2089,151871262
2090,129209067
2091,102601202
2092,127267247
2093,133162964
2094,171607522
2095,141395759
2096,122885639
2097,152744850
2098,119798353
2099,175718397
2100,144800959
2101,156981089
2102,197689497
2103,151862921
2104,116732837
2105,218405390
2106,158531188
2107,166439401
2108,130489838
2109,168679656
2110,123580581
2111,101481980
2112,149414173
2113,181431451
2114,130209941
2115,131923114
2116,145255534
2117,108766286
2118,110437897
2119,148285371
2120,212857215
2121,161554352
2122,137350444
2123,119792614
2124,198891877
2125,160395602
2126,104043636
2127,165227466
2128,156499984
2129,149674529
2130,174618746
2131,130609360
2132,92487773
2133,127714679
2134,145353964
2135,106113474
2136,193460893
2137,274393533
2138,152912279
2139,122330105
2140,118328863
2141,146539896
2142,222676818
2143,128022904
2144,124442026
2145,136261427
2146,140324544
2147,145542345
2148,140428189
2149,115751783
2150,141395426
2151,146054218
2152,120662813
2153,143975680
2154,163110794
2155,169411249
2156,199265871
2157,118547556
2158,114200690
2159,120741249
2160,141988077
2161,130650445
2162,132750648
2163,146157754
2164,148760092
2165,173312069
2166,110000958
2167,158186529
2168,118438542
2169,168659682
2170,156408199
2171,139138861
2172,109521061
2173,189414010
2174,137316311
2175,149757690
2176,175700861
2177,162642556
2178,152512682
2179,187573750
2180,156977775
2181,138491618
2182,142345151
2183,125118210
2184,146912015
2185,113858495
2186,172637894
2187,120434520
2188,110816782
2189,146509044
2190,117162600
2191,123564044
2192,120958997
2193,131024599
2194,121989724
2195,135264641
2196,146936281
2197,175069915
2198,166681288
2199,131715273
2200,143981755
2201,134308965
2202,133609643
2203,140203430
2204,145250398
2205,144317118
2206,99372064
2207,130993242
2208,145084147
2209,107297098
2210,148721222
2211,124336486
2212,155666414
2213,119338164
2214,110195632
2215,139125462
2216,143284931
2217,95804780
2218,131350896
2219,134783231
2220,134630054
2221,107534543
2222,115080151
2223,127438350
2224,138132597
2225,215841218
2226,132194328
2227,131416465
2228,175831986
2229,144829350
2230,115452127
2231,99904089
2232,124144605
2233,110200940
2234,133876509
2235,119756386
2236,116134571
2237,156495830
2238,163566022
2239,156283019
2240,142904195
2241,185835917
2242,164959247
2243,232981846
2244,133128280
2245,141399197
2246,141281646
2247,134834838
2248,170448347
2249,156390307
2250,110084426
2251,113206398
2252,122709032
2253,133747131
2254,161240919
2255,126460324
2256,141449663
2257,119036957
2258,127522821
2259,122529448
2260,135131970
2261,178663323
2262,137868473
2263,196131874
2264,135967643
2265,141022162
2266,104794019
2267,139327269
2268,135434413
2269,134362489
2270,102915898
2271,115178316
2272,129023750
2273,125512665
2274,143181736
2275,199329308
2276,152515515
2277,142507675
2278,146458394
2279,118796273
2280,143778713
2281,130852650
2282,124490114
2283,223950444
2284,160560650
2285,141856268
2286,133483268
2287,130441035
2288,139270129
2289,142831318
2290,156694512
2291,163793662
2292,170569322
2293,185704857
2294,179043259
2295,181194295
2296,119789862
2297,209708912
2298,119237571
2299,125165682
2300,146146567
2301,151755668
2302,146840888
2303,116824921
2304,202896375
2305,134412533
2306,123291727
2307,113582219
2308,127982652
2309,130437333
2310,136248882
2311,105685884
2312,112785033
2313,114552633
2314,142649959
2315,107240099
2316,119287152
2317,92741644
2318,100811260
2319,90957639
2320,139338768
2321,97284601
2322,111809982
2323,97024654
2324,106216714
2325,99278450
2326,132539304
2327,104019532
2328,114810338
2329,108522593
2330,110621963
2331,107764158
2332,120168710
2333,115797523
2334,123004015
2335,103301877
2336,126367496
2337,113059612
2338,118695379
2339,96565747
2340,113283465
2341,132608053
2342,104744059
2343,121157196
2344,119427720
2345,123484585
2346,110267170
2347,112356748
2348,111059043
2349,113227162
2350,129846703
2351,96432934
2352,101205421
2353,97640847
2354,92773932
2355,95080333
2356,112240028
2357,146030568
2358,103469842
2359,95886372
2360,137242256
2361,114127731
2362,108050976
2363,116490381
2364,111796852
2365,101505107
2366,101627919
2367,117637618
2368,94584655
2369,133953356
2370,134041117
2371,104909785
2372,103410153
2373,111671955
2374,115088352
2375,109609720
2376,117442877
2377,102332915
2378,114151375
2379,117218397
2380,112627108
2381,104823638
2382,113857937
2383,114474289
2384,108909200
2385,105730823
2386,96538606
2387,105472594
2388,89755863
2389,109106178
2390,107012797
2391,106303528
2392,94937516
2393,107296234
2394,118545997
2395,90898516
2396,91410337
2397,90219142
2398,113564498
2399,129882372
2400,109271228
2401,89360082
2402,164252023
2403,117423758
2404,98375266
2405,101276092
2406,95921471
2407,95811210
2408,79251149
2409,88413677
2410,100988280
2411,90670545
2412,88632635
2413,94235640
2414,106047692
2415,115318242
2416,100536248
2417,108936018
2418,121379788
2419,103849156
2420,89814036
2421,118870003
2422,113580954
2423,121315308
2424,105169829
2425,91775698
2426,104967278
2427,87225814
2428,127274459
2429,112423404
2430,121328953
2431,101408380
2432,114443919
2433,107289042
2434,119324114
2435,119344583
2436,126703105
2437,102979781
2438,116245475
2439,95840112
2440,116548912
2441,96856464
2442,88302215
2443,112528870
2444,106282115
2445,127472631
2446,111518247
2447,114694905
2448,103488841
2449,125100554
2450,105396388
2451,113059180
2452,115283079
2453,101979157
2454,90816165
2455,95164956
2456,128986429
2457,124218940
2458,120207441
2459,129115125
2460,115713338
2461,97074377
2462,96575784
2463,112241523
2464,103435297
2465,129870800
2466,107378099
2467,119459109
2468,156341093
2469,88628878
2470,116749219
2471,101992436
2472,112843188
2473,113265843
2474,95669275
2475,93763967
2476,134073131
2477,98474996
2478,102195351
2479,96275888
2480,111149962
2481,114645421
2482,116568593
2483,109109655
2484,126891429
2485,127126012
2486,99130410
2487,107420232
2488,117490621
2489,115986354
2490,103842585
2491,114895888
2492,92889073
2493,109690016
2494,104502426
2495,112865788
2496,103237325
2497,105352216
2498,102977898
2499,103950708
2500,92932873
2501,112585476
2502,92457770
2503,95726563
2504,100641810
2505,99043429
2506,104529664
2507,121943783
2508,118499054
2509,99400823
2510,103140761
2511,89091216
2512,103217063
2513,99597645
2514,93591724
2515,83772012
2516,114347448
2517,94714741
2518,100218789
2519,85114195
2520,108170747
2521,118306188
2522,120470036
2523,122975497
2524,119416444
2525,94148441
2526,110583968
2527,101920919
2528,114165990
2529,103417529
2530,104564818
2531,128349388
2532,122669508
2533,98512594
2534,130796777
2535,147102930
2536,106902831
2537,92889432
2538,133298853
2539,122016123
2540,137168582
2541,105209659
2542,101772377
2543,106547832
2544,99592174
2545,87067000
2546,98999207
2547,92905369
2548,103616902
2549,108937043
2550,114357913
2551,114803485
2552,96434473
2553,99440142
2554,104333514
2555,103980858
2556,106260487
2557,86954551
2558,90083032
2559,83355029
2560,92732555
2561,94247552
2562,101118105
2563,110733860
2564,108840896
2565,136800141
2566,105898820
2567,104428147
2568,115481398
2569,113904839
2570,96702908
2571,104876167
2572,103106901
2573,108536261
2574,103852471
2575,104492053
2576,106983869
2577,111471252
2578,90431571
2579,115568584
2580,101501697
2581,112132239
2582,87506735
2583,83186486
2584,90044384
2585,109983963
2586,107083242
2587,86173770
2588,89432406
2589,100724719
2590,117191495
2591,91876618
2592,106480691
2593,104163927
2594,113083016
2595,106768607
2596,119349978
2597,115125771
2598,112717183
2599,110364846
2600,127620319
2601,124935379
2602,92065939
2603,86000696
2604,94761504
2605,145927298
2606,126548706
2607,104844705
2608,87475691
2609,95712855
2610,90801516
2611,97555142
2612,86016320
2613,94823014
2614,81145293
2615,89258498
2616,91114691
2617,98457796
2618,133956289
2619,100728830
2620,102466638
2621,102296534
2622,85523508
2623,114959466
2624,109776617
2625,100203518
2626,98393524
2627,119416016
2628,97876338
2629,110820103
2630,106487719
2631,116864096
2632,116812638
2633,99538155
2634,97766858
2635,92562341
2636,135240553
2637,100702631
2638,105443450
2639,104021996
2640,102614553
2641,107406882
2642,131489626
2643,99886330
2644,100476954
2645,115564098
2646,121923143
2647,110898538
2648,84889759
2649,89460787
2650,90491617
2651,100899452
2652,101200649
2653,130123639
2654,96135038
2655,193347209
2656,97057588
2657,114837068
2658,116345345
2659,102458041
2660,106970372
2661,106549071
2662,138980124
2663,108492503
2664,96002069
2665,116592531
2666,84058197
2667,93843064
2668,102328458
2669,103171267
2670,98144875
2671,92868640
2672,146593069
2673,103791369
2674,124520789
2675,99372632
2676,89148963
2677,101153304
2678,112498479
2679,99846432
2680,108490626
2681,129125931
2682,99007163
2683,102240591
2684,117047372
2685,112546395
2686,95332069
2687,109553487
2688,103278609
2689,99282006
2690,101505177
2691,115717167
2692,106772140
2693,121813868
2694,132906127
2695,118147159
2696,88238912
2697,114779356
2698,104918239
2699,112083999
2700,95975764
2701,129915041
2702,104564125
2703,115968050
2704,126536665
2705,83902674
2706,115482374
2707,124918389
2708,101938923
2709,88720420
2710,150717011
2711,95659098
2712,104233344
2713,108497238
2714,93964676
2715,117715805
2716,112278321
2717,159393912
2718,103989073
2719,100149969
2720,103249752
2721,100742780
2722,105538547
2723,112223111
2724,94219518
2725,110620980
2726,145629055
2727,130731755
2728,105220579
2729,114603468
2730,100116271
2731,98736951
2732,93300353
2733,125689841
2734,113233055
2735,107973592
2736,91431660
2737,116731795
2738,125190884
2739,119259287
2740,113007586
2741,101468402
2742,110941394
2743,108849786
2744,112740555
2745,96606697
2746,119505431
2747,130723055
2748,112944721
2749,95916750
2750,105144067
2751,90013382
2752,108443327
2753,98638149
2754,100937047
2755,122706827
2756,122862712
2757,105956303
2758,98304451
2759,106893644
2760,129300141
2761,99257782
2762,84111315
2763,92721082
2764,109696239
2765,119692929
2766,95881333
2767,93762693
2768,111736389
2769,98494033
2770,104975524
2771,145404363
2772,172514387
2773,122080891
2774,106617238
2775,131769351
2776,105789428
2777,90190307
2778,102282979
2779,98537158
2780,96146591
2781,120452665
2782,95879196
2783,115674033
2784,91017960
2785,140071670
2786,95332479
2787,114184142
2788,88143854
2789,104095786
2790,101730063
2791,96359246
2792,119038086
2793,99329498
2794,133198043
2795,110951963
2796,116155802
2797,115593303
2798,84369229
2799,113757736
2800,90925355
2801,121273390
2802,99482934
2803,128372223
2804,113256851
2805,101426834
2806,123528279
2807,114124453
2808,87175106
2809,104185211
2810,92130560
2811,93962585
2812,106330413
2813,109960298
2814,105309426
2815,99660329
2816,117812097
2817,117923556
2818,100428086
2819,102724851
2820,116106790
2821,104696667
2822,112479352
2823,106062600
2824,120629015
2825,89822128
2826,94663051
2827,151586058
2828,142759313
2829,100931990
2830,90618010
2831,110003318
2832,137497871
2833,122071562
2834,91258425
2835,134001422
2836,142591917
2837,105715934
2838,101193083
2839,96747940
2840,147106279
2841,100245430
2842,113755493
2843,93378835
2844,105696767
2845,96134869
2846,99186526
2847,104757082
2848,100020586
2849,117721886
2850,108440612
2851,109086236
2852,104660675
2853,125141343
2854,115714705
2855,112981172
2856,92598056
2857,113666013
2858,119913390
2859,113501743
2860,107903270
2861,91428736
2862,109248942
2863,99618138
2864,112469558
2865,89506918
2866,93248418
2867,99074963
2868,114367260
2869,107106865
2870,99884751
2871,101933964
2872,91049466
2873,123513847
2874,114680072
2875,113374190
2876,100642562
2877,107250823
2878,95230234
2879,89487751
2880,84297038
2881,98027204
2882,85732450
2883,105348588
2884,119876462
2885,105848848
2886,106492960
2887,123765095
2888,87269372
2889,119299692
2890,88438014
2891,88967856
2892,85773959
2893,117993290
2894,118744485
2895,101396464
2896,89517021
2897,98751159
2898,102409639
2899,101908025
2900,106179887
2901,114112415
2902,112122629
2903,103150573
2904,111324038
2905,114071477
2906,107143374
2907,98340640
2908,104359632
2909,107681392
2910,101949223
2911,97043299
2912,86352290
2913,107843892
2914,101784430
2915,94613099
2916,85819375
2917,95210492
2918,98857616
2919,89156708
2920,100275737
2921,106811759
2922,110664300
2923,105253534
2924,84249015
2925,95173565
2926,90133372
2927,101561150
2928,98022098
2929,108405139
2930,102048804
2931,90633943
2932,94382577
2933,97951160
2934,93321018
2935,90248944
2936,95103668
2937,97387620
2938,128023360
2939,115496992
2940,114865536
2941,140385875
2942,123958528
2943,105109368
2944,141582485
2945,108723054
2946,120488799
2947,106520925
2948,103177394
2949,103598121
2950,103935673
2951,104936346
2952,122458481
2953,110354768
2954,115883501
2955,93000862
2956,120996974
2957,105814989
2958,97821263
2959,92828831
2960,105344261
2961,106186915
2962,107317641
2963,101819064
2964,103244216
2965,99098708
2966,117908389
2967,98728500
2968,116506830
2969,101704793
2970,94506273
2971,89783996
2972,104756138
2973,92746018
2974,101118649
2975,133002040
2976,97048452
2977,100332192
2978,127450860
2979,110223829
2980,97443972
2981,90957012
2982,110538463
2983,109927996
2984,121392075
2985,112072677
2986,124842377
2987,107648316
2988,119749684
2989,99400476
2990,130874233
2991,99275632
2992,124887898
2993,94189138
2994,91157793
2995,117014224
2996,109054405
2997,132235635
2998,110875389
2999,123373995
3000,108433000
3001,118364845
3002,171299838
3003,120032652
3004,103872754
3005,183121989
3006,102715830
3007,125486281
3008,110742993
3009,123910505
3010,136738642
3011,107955553
3012,107592325
3013,105646498
3014,125192114
3015,110425493
3016,98722196
3017,109308778
3018,113762149
3019,91775446
3020,92428361
3021,87748063
3022,97533397
3023,118465260
3024,105461654
3025,102725100
3026,95272675
3027,106403891
3028,86311036
3029,97140273
3030,111718822
3031,106995712
3032,110508149
3033,104389730
3034,105083374
3035,92457527
3036,91182480
3037,106595088
3038,109628724
3039,95476997
3040,115858705
3041,103442128
3042,100594272
3043,112458299
3044,101468281
3045,107483626
3046,162458508
3047,116066048
3048,109185079
3049,113272671
3050,118798591
3051,105508059
3052,92792265
3053,115444435
3054,113994960
3055,102919004
3056,97613031
3057,130986262
3058,81862923
3059,79821888
3060,153372025
3061,105094622
3062,119240880
3063,103993428
3064,108962996
3065,90112169
3066,85046612
3067,101113906
3068,92154506
3069,106232796
3070,94441687
3071,111336738
3072,110072732
3073,97576989
3074,93813719
3075,101247395
3076,94617363
3077,112054340
3078,98072144
3079,104069886
3080,98257404
3081,94769445
3082,83358179
3083,86350774
3084,102937129
3085,94509082
3086,91029926
3087,95012205
3088,97348083
3089,103939521
3090,108542006
3091,90412376
3092,114537769
3093,105898213
3094,181781467
3095,101954840
3096,109747211
3097,122143110
3098,94628768
3099,97709123
3100,95940171
3101,96450585
3102,95224704
3103,92622941
3104,103886135
3105,98689797
3106,106192430
3107,97805529
3108,100442812
3109,110793717
3110,98730891
3111,98515944
3112,86807959
3113,95471317
3114,130211261
3115,90089095
3116,121390403
3117,111518402
3118,88713682
3119,130853654
3120,130902144
3121,98231360
3122,118591401
3123,119336034
3124,124807267
3125,117214739
3126,124283779
3127,122920033
3128,84904735
3129,84080259
3130,85902701
3131,107561123
3132,112474180
3133,92742471
3134,80745529
3135,107651800
3136,109199451
3137,115870888
3138,110100959
3139,121611287
3140,107310446
3141,93238354
3142,97614123
3143,94128404
3144,107297164
3145,99682032
3146,94505798
3147,102196295
3148,107160915
3149,113982300
3150,109223877
3151,105173577
3152,142884814
3153,103030355
3154,100524738
3155,119789886
3156,102423586
3157,94623558
3158,105813887
3159,104523266
3160,105746127
3161,104195091
3162,122646595
3163,100646248
3164,128904389
3165,84658745
3166,102332649
3167,100440102
3168,94506475
3169,98447087
3170,105008630
3171,96465323
3172,86926029
3173,109963405
3174,105424618
3175,92536325
3176,101599369
3177,90604299
3178,107794506
3179,98057297
3180,94503194
3181,107256331
3182,104230871
3183,100193644
3184,156295707
3185,123360447
3186,98501931
3187,86889102
3188,110834027
3189,91163777
3190,99987968
3191,106890185
3192,84702911
3193,85577857
3194,103870612
3195,118210879
3196,97320892
3197,151645201
3198,96919956
3199,104037954
3200,116791716
3201,94016997
3202,108248358
3203,95369232
3204,101071974
3205,122312950
3206,104937171
3207,97875370
3208,104901910
3209,157712630
3210,88732898
3211,176522570
3212,108924762
3213,120472330
3214,127946161
3215,100999527
3216,114844796
3217,87295455
3218,99137657
3219,137973004
3220,99117448
3221,130003758
3222,96873549
3223,96899800
3224,97722141
3225,98791981
3226,113144957
3227,99158281
3228,84855879
3229,92986478
3230,89135657
3231,153854464
3232,122659041
3233,123194091
3234,93085905
3235,85113274
3236,86924154
3237,85481710
3238,86976810
3239,94328818
3240,101599003
3241,89850082
3242,106669612
3243,92858301
3244,120938942
3245,102326084
3246,104145296
3247,102271344
3248,96025374
3249,118889157
3250,107647630
3251,117891660
3252,96627456
3253,103129675
3254,95507980
3255,105389772
3256,111421263
3257,128430532
3258,117596035
3259,122867112
3260,115739687
3261,99200312
3262,97413286
3263,103258996
3264,95780426
3265,102116136
3266,119291082
3267,117959576
3268,105775238
3269,92205906
3270,100441454
3271,113119643
3272,97864274
3273,95232668
3274,98254221
3275,106922631
3276,151823999
3277,99938538
3278,106149769
3279,92829758
3280,142676788
3281,87532432
3282,92006427
3283,107525597
3284,121416751
3285,99630934
3286,119662694
3287,100639316
3288,103467745
3289,102649363
3290,106410601
3291,87651337
3292,99275102
3293,83994994
3294,92474395
3295,106732735
3296,108386636
3297,107035442
3298,89314195
3299,105977685
3300,119106706
3301,80418755
3302,89453102
3303,91760490
3304,105222270
3305,93893243
3306,106172788
3307,95500218
3308,98035939
3309,83665203
3310,85665197
3311,111968759
3312,86920297
3313,88370761
3314,80515994
3315,80117245
3316,107888407
3317,104134721
3318,98680989
3319,113971305
3320,125219238
3321,101080668
3322,122006696
3323,94082773
3324,97362764
3325,92762205
3326,83245048
3327,94256836
3328,87685763
3329,95235687
3330,100339316
3331,95493810
3332,94728188
3333,95638186
3334,111358291
3335,100842492
3336,92156529
3337,112193810
3338,86884672
3339,103085140
3340,122240444
3341,98660207
3342,103530139
3343,90352993
3344,96069277
3345,96439172
3346,94712875
3347,95267457
3348,90879189
3349,94684542
3350,104734874
3351,89974504
3352,79554747
3353,105745652
3354,95197613
3355,100867386
3356,86129673
3357,100488846
3358,97155627
3359,97764531
3360,93337359
3361,99570619
3362,85504727
3363,80673336
3364,86181131
3365,96659848
3366,79170424
3367,81086928
3368,90628304
3369,99260828
3370,96226567
3371,114774112
3372,87372794
3373,98373331
3374,106497732
3375,93348504
3376,105426173
3377,98844475
3378,99179371
3379,94882509
3380,101804362
3381,129862501
3382,89290756
3383,116112494
3384,84258689
3385,96309224
3386,91569603
3387,104451489
3388,79853443
3389,92817880
3390,93448972
3391,96382765
3392,89719088
3393,117002491
3394,86871493
3395,106558201
3396,99839316
3397,107590749
3398,99387911
3399,85998839
3400,109718191
3401,97100731
3402,85058061
3403,109507045
3404,107928821
3405,92871056
3406,138991846
3407,102935035
3408,93545481
3409,91508248
3410,87847323
3411,91896477
3412,84459104
3413,86725763
3414,98790204
3415,95648965
3416,93718658
3417,89855389
3418,92008246
3419,94787716
3420,72949036
3421,98237549
3422,82789161
3423,86412847
3424,90908875
3425,81586405
3426,81415677
3427,95368287
3428,86413472
3429,89684817
3430,91485175
3431,94990372
3432,101727642
3433,96202347
3434,91425384
3435,86606649
3436,86535660
3437,92017048
3438,92431578
3439,100649989
3440,97721873
3441,84141500
3442,90642053
3443,96268701
3444,94635269
3445,82021611
3446,106829604
3447,97746561
3448,86988939
3449,90714969
3450,81373541
3451,93853500
3452,97644634
3453,126784905
3454,86703628
3455,83553846
3456,86831909
3457,90973613
3458,102063265
3459,146844788
3460,98501662
3461,121877420
3462,98414580
3463,87251959
3464,128393910
3465,117971495
3466,102745607
3467,115657232
3468,100891915
3469,106235179
3470,106030961
3471,97494842
3472,120730237
3473,103375136
3474,116488167
3475,88309038
3476,114456142
3477,99018327
3478,93552824
3479,111662921
3480,101452902
3481,96769115
3482,91020800
3483,93852926
3484,112432971
3485,101417954
3486,108464182
3487,98527703
3488,107806528
3489,143083914
3490,105149141
3491,116192021
3492,128346357
3493,92698816
3494,100160667
3495,94807663
3496,108623972
3497,98590776
3498,95181672
3499,93905947
3500,112456408
3501,99783272
3502,90783718
3503,100100459
3504,88295913
3505,105313879
3506,108722097
3507,96895260
3508,99495147
3509,102473003
3510,115188586
3511,104321486
3512,104990338
3513,110615424
3514,108115068
3515,101177433
3516,113597497
3517,107597152
3518,104276382
3519,98032704
3520,100287437
3521,84248218
3522,95357817
3523,100733321
3524,102224409
3525,103159354
3526,97578278
3527,91846890
3528,108867305
3529,85605401
3530,90765540
3531,103759196
3532,106359344
3533,95167817
3534,102751387
3535,133329360
3536,104061174
3537,131184315
3538,98003121
3539,119704248
3540,127373442
3541,118197118
3542,112289011
3543,129686455
3544,92719023
3545,109837092
3546,106233302
3547,90830644
3548,103825445
3549,89406430
3550,93323135
3551,151302219
3552,143562348
3553,98969628
3554,106175646
3555,98167703
3556,107554235
3557,100724257
3558,99021658
3559,112802344
3560,91080538
3561,102875553
3562,113520414
3563,131106347
3564,104307683
3565,115651813
3566,93261208
3567,90861373
3568,112483177
3569,103378884
3570,113901142
3571,104969400
3572,129201092
3573,94383184
3574,109912717
3575,86749824
3576,101693889
3577,124928814
3578,117929566
3579,104108569
3580,110837505
3581,96821353
3582,89027055
3583,92413295
3584,107745796
3585,93767248
3586,114128849
3587,88648827
3588,118482637
3589,105963458
3590,103786695
3591,107066216
3592,90267624
3593,116121499
3594,117282848
3595,123777359
3596,124751991
3597,153114399
3598,96490833
3599,124575430
3600,96365834
3601,147709156
3602,93328447
3603,117285141
3604,112339114
3605,137138253
3606,111545940
3607,123148663
3608,99969519
3609,87829975
3610,133060141
3611,107440381
3612,109821363
3613,104652525
3614,92031472
3615,149564358
3616,115704155
3617,114570566
3618,125111156
3619,101716649
3620,109727404
3621,102465709
3622,87529872
3623,92277565
3624,103253258
3625,101184307
3626,92433971
3627,103809872
3628,97331559
3629,120078620
3630,118991697
3631,112969946
3632,137487574
3633,108156940
3634,114075254
3635,128704061
3636,92774699
3637,104639921
3638,106862101
3639,111049536
3640,107874441
3641,91344703
3642,95210889
3643,85498212
3644,85264880
3645,106796944
3646,104447473
3647,112256198
3648,131435719
3649,111258597
3650,86537375
3651,87009874
3652,103088623
3653,105494449
3654,103694090
3655,103541903
3656,116710298
3657,90961892
3658,96333489
3659,103865652
3660,116845818
3661,96734477
3662,91747097
3663,91760483
3664,115181813
3665,103061175
3666,94005527
3667,106321269
3668,115428947
3669,102866123
3670,104744295
3671,159841720
3672,113726505
3673,114877543
3674,121682417
3675,115218844
3676,100402017
3677,134725864
3678,97648485
3679,91795899
3680,107431265
3681,100102800
3682,117693107
3683,96499426
3684,134685916
3685,106624705
3686,93981829
3687,121309605
3688,114081400
3689,109540164
3690,125951881
3691,95883282
3692,94915837
3693,106407882
3694,95862240
3695,115373687
3696,132440975
3697,112631195
3698,98319628
3699,108174336
3700,101573055
3701,118913311
3702,115406968
3703,122955538
3704,102677061
3705,98389836
3706,113081975
3707,113285152
3708,123728035
3709,111270887
3710,93687768
3711,125260374
3712,92195376
3713,98884730
3714,110267818
3715,95558179
3716,100936442
3717,99540145
3718,98640876
3719,88721794
3720,111577657
3721,101450816
3722,120573461
3723,103592527
3724,105185126
3725,97064475
3726,126398546
3727,106484340
3728,86343677
3729,92415011
3730,111744324
3731,105997363
3732,126944795
3733,93711153
3734,123132776
3735,103899610
3736,106916006
3737,103153935
3738,114470252
3739,114096763
3740,110976410
3741,91095640
3742,104389087
3743,100397901
3744,95795573
3745,105913874
3746,125257352
3747,114190253
3748,104107994
3749,116561547
3750,97213641
3751,106841527
3752,171173036
3753,137067313
3754,120483305
3755,90686007
3756,100471599
3757,100802276
3758,107489233
3759,95993645
3760,94173547
3761,113441922
3762,95044742
3763,131502540
3764,100190923
3765,104000390
3766,107885273
3767,99645040
3768,98754730
3769,95968489
3770,95933958
3771,90837933
3772,111286668
3773,102505238
3774,95422657
3775,126413182
3776,112199374
3777,116180402
3778,99121969
3779,102754873
3780,103997317
3781,94020630
3782,101003785
3783,93049853
3784,99842018
3785,91769024
3786,104885856
3787,124506573
3788,106663454
3789,107790586
3790,95273905
3791,98366576
3792,93507739
3793,144992086
3794,114286779
3795,122010293
3796,106720972
3797,103245100
3798,89848481
3799,111751527
3800,107580970
3801,124773460
3802,113598136
3803,117474632
3804,115411307
3805,97283298
3806,92619721
3807,98273451
3808,124021015
3809,102051094
3810,107332898
3811,100009435
3812,100534641
3813,124406171
3814,102760779
3815,118642649
3816,95073827
3817,88101508
3818,103996712
3819,113455168
3820,111885903
3821,109797681
3822,101707293
3823,88661819
3824,90581136
3825,132852182
3826,101177764
3827,101356566
3828,89047391
3829,96589655
3830,101551878
3831,107214149
3832,113955948
3833,103997077
3834,121986857
3835,133642024
3836,106259673
3837,110810855
3838,113078503
3839,94840287
3840,95043828
3841,97393143
3842,98131629
3843,118401193
3844,111839758
3845,87161981
3846,114342197
3847,101808544
3848,88808381
3849,99918811
3850,138564767
3851,96909186
3852,105510770
3853,124082840
3854,105594416
3855,114115844
3856,112060591
3857,100319487
3858,103624475
3859,108172636
3860,107982740
3861,101458493
3862,155562832
3863,129567508
3864,109354663
3865,93351074
3866,90956083
3867,92053579
3868,121166340
3869,90052024
3870,130910940
3871,97820069
3872,106278268
3873,101260318
3874,104803586
3875,91656445
3876,138266592
3877,114723603
3878,118906973
3879,92070975
3880,122227535
3881,93422428
3882,127990379
3883,103939318
3884,103790256
3885,90377023
3886,117438020
3887,93225086
3888,115124644
3889,110518045
3890,112071685
3891,135739466
3892,106190925
3893,94911955
3894,112337466
3895,119215254
3896,111235804
3897,107217953
3898,104777701
3899,109426383
3900,119442701
3901,118104269
3902,95843827
3903,121305143
3904,97727727
3905,114390220
3906,90140045
3907,109398570
3908,100650425
3909,108694511
3910,111699812
3911,103787757
3912,106623008
3913,136528109
3914,111089345
3915,108097377
3916,92856389
3917,147784632
3918,106943319
3919,98247152
3920,113196109
3921,102659949
3922,103855257
3923,101893076
3924,103289999
3925,78547847
3926,104048538
3927,111174971
3928,103000625
3929,96788251
3930,85075272
3931,93168628
3932,102977083
3933,96976324
3934,101082403
3935,117869114
3936,96818564
3937,124394456
3938,101038236
3939,100042823
3940,91477436
3941,83078820
3942,84659023
3943,117884530
3944,132003596
3945,121106759
3946,112076427
3947,95252788
3948,106404936
3949,104330568
3950,98792255
3951,95000185
3952,96843615
3953,100477718
3954,88133021
3955,105031139
3956,85792978
3957,98144653
3958,112555279
3959,102658751
3960,115433081
3961,119515046
3962,104777078
3963,102667085
3964,99837199
3965,111509398
3966,99620898
3967,110205444
3968,103649582
3969,98230278
3970,90786398
3971,97277000
3972,94107167
3973,97087887
3974,74248123
3975,133636663
3976,105756189
3977,102524326
3978,100538655
3979,118467342
3980,101913077
3981,108225139
3982,97614864
3983,118397759
3984,102397868
3985,92586496
3986,100631520
3987,101058758
3988,96233671
3989,111993303
3990,105653793
3991,104400621
3992,106571290
3993,108362639
3994,84460692
3995,119874525
3996,90733690
3997,87572139
3998,102066515
3999,105096505
4000,118083803
4001,100346990
4002,91205616
4003,82972989
4004,114061681
4005,103690103
4006,107824881
4007,88401824
4008,110252112
4009,105626138
4010,109076647
4011,104027082
4012,112945904
4013,94151647
4014,82274970
4015,120564054
4016,129809855
4017,143181267
4018,117714689
4019,103981300
4020,105979836
4021,96623514
4022,118062605
4023,129551158
4024,102567035
4025,101552664
4026,113300278
4027,93579775
4028,113779808
4029,123527430
4030,92171811
4031,98351997
4032,114544597
4033,148977080
4034,100197408
4035,106216761
4036,128760224
4037,111165025
4038,115776832
4039,117922502
4040,172628143
4041,107685507
4042,101672663
4043,94088315
4044,94723365
4045,118026929
4046,95309926
4047,102339640
4048,118634739
4049,103067398
4050,106381709
4051,92688476
4052,101082717
4053,123864044
4054,113821527
4055,88115524
4056,98702048
4057,88201408
4058,97638980
4059,98372102
4060,113614236
4061,99238245
4062,108856179
4063,88142555
4064,102921097
4065,87573390
4066,79682064
4067,87298965
4068,109592427
4069,106898114
4070,111891846
4071,100665636
4072,88214534
4073,93926024
4074,105422651
4075,87172611
4076,90130204
4077,108834722
4078,101464383
4079,89695935
4080,93033997
4081,94009774
4082,103954374
4083,99402047
4084,86665633
4085,110478362
4086,115812146
4087,102591462
4088,99278506
4089,108273214
4090,100201472
4091,120413483
4092,137274310
4093,104236249
4094,89612655
4095,85732564
4096,102881097
4097,86470061
4098,132227505
4099,104757341
4100,97671897
4101,114780171
4102,98458561
4103,110169770
4104,106698115
4105,94022639
4106,105800723
4107,113827362
4108,106347856
4109,114304079
4110,89513072
4111,91025983
4112,101310062
4113,89189792
4114,133924271
4115,101178344
4116,112148252
4117,119557342
4118,96592266
4119,87073706
4120,90991452
4121,106118222
4122,94040139
4123,103110420
4124,102316620
4125,112654658
4126,107972122
4127,103101202
4128,112070284
4129,91112754
4130,107334156
4131,93655766
4132,97103722
4133,89753488
4134,108035715
4135,102646932
4136,91472804
4137,143490019
4138,111252214
4139,103977657
4140,95034876
4141,101074334
4142,88389326
4143,103776928
4144,107225823
4145,115943865
4146,101387927
4147,95524718
4148,101873133
4149,107942643
4150,100557356
4151,97052004
4152,106361242
4153,95771175
4154,111366590
4155,129530016
4156,91414680
4157,101495686
4158,118137347
4159,122936029
4160,120774890
4161,104115261
4162,109407170
4163,90527132
4164,91168119
4165,93714464
4166,105378902
4167,120196194
4168,113249552
4169,88904012
4170,98750332
4171,116642144
4172,91969678
4173,84643714
4174,84390226
4175,94270556
4176,93829203
4177,87287351
4178,88407035
4179,93719724
4180,87901152
4181,89577916
4182,102874537
4183,111266590
4184,114358507
4185,87598704
4186,114766891
4187,112829086
4188,92267595
4189,93189883
4190,87223549
4191,97337837
4192,108647590
4193,103993075
4194,100598763
4195,96798881
4196,108445767
4197,98290126
4198,121179681
4199,111319299
4200,105154425
4201,92365303
4202,95291126
4203,111584089
4204,88482660
4205,108427069
4206,109502430
4207,121370254
4208,117649798
4209,109981700
4210,120397289
4211,114625433
4212,92411709
4213,101652093
4214,91995200
4215,98460334
4216,115868033
4217,101421000
4218,94533732
4219,106286556
4220,99844756
4221,102005113
4222,119247970
4223,115434962
4224,115618555
4225,82141901
4226,94163005
4227,103935419
4228,92002388
4229,105792600
4230,112115495
4231,105838850
4232,128689864
4233,107032856
4234,106102599
4235,112725128
4236,100972200
4237,118865576
4238,117451674
4239,122070876
4240,95806802
4241,88558702
4242,152901290
4243,126750652
4244,105621455
4245,116269335
4246,103160109
4247,146015325
4248,98323668
4249,116778552
4250,148147609
4251,124556910
4252,105179999
4253,99205956
4254,110149252
4255,111910027
4256,110513729
4257,109503733
4258,87395268
4259,95373314
4260,121073069
4261,112432786
4262,122012804
4263,101544491
4264,89535105
4265,97770336
4266,87809017
4267,104936874
4268,115631785
4269,98524710
4270,116604542
4271,121280932
4272,116354699
4273,109157380
4274,97303255
4275,122485668
4276,104300939
4277,101715532
4278,111579664
4279,96364248
4280,99917048
4281,107570042
4282,96869194
4283,107500043
4284,126844298
4285,103650004
4286,89700521
4287,100799077
4288,100366370
4289,128459970
4290,95874719
4291,106559681
4292,102259436
4293,92810303
4294,86746730
4295,109571285
4296,98775595
4297,112442057
4298,111816538
4299,95087170
4300,127641536
4301,99063302
4302,102347926
4303,96731278
4304,105403019
4305,99731007
4306,100088715
4307,95044826
4308,94954462
4309,100939441
4310,115673765
4311,88781358
4312,96665967
4313,105281718
4314,95456387
4315,104277867
4316,122166451
4317,104299013
4318,117592143
4319,118446776
4320,102714643
4321,95806178
4322,117788133
4323,97383724
4324,100994493
4325,109804671
4326,100616682
4327,109669307
4328,110358523
4329,107476815
4330,122881501
4331,106352912
4332,106540620
4333,116821886
4334,108815821
4335,96126646
4336,102729592
4337,90348124
4338,127784400
4339,120218542
4340,103115059
4341,96857476
4342,105233020
4343,94009570
4344,128413461
4345,133528495
4346,95803834
4347,98512731
4348,92609106
4349,144220021
4350,90544634
4351,107625616
4352,88029539
4353,94638057
4354,99511738
4355,92733428
4356,112081070
4357,105296249
4358,112867525
4359,107910147
4360,102568499
4361,97060236
4362,115908609
4363,87689435
4364,91064319
4365,109915973
4366,105521041
4367,113996011
4368,105662551
4369,99840696
4370,104303701
4371,121249476
4372,171442583
4373,112819869
4374,104145316
4375,109733058
4376,97315184
4377,165064637
4378,122783325
4379,124850036
4380,98160389
4381,104043702
4382,146168816
4383,119657815
4384,112157320
4385,111038522
4386,89515315
4387,102836050
4388,87267302
4389,92330409
4390,88728026
4391,101721158
4392,107031140
4393,104030942
4394,110126858
4395,114035751
4396,110576440
4397,94850662
4398,104978855
4399,95809772
4400,94691338
4401,117153500
4402,103273028
4403,97701485
4404,100010019
4405,92428742
4406,102271573
4407,102642301
4408,95342274
4409,100042310
4410,125919877
4411,92823793
4412,111718155
4413,92839835
4414,98826012
4415,97509350
4416,112403414
4417,106629736
4418,91795777
4419,88773860
4420,126765707
4421,103759484
4422,109618892
4423,99125542
4424,97708100
4425,103960682
4426,116920793
4427,101186317
4428,96245553
4429,101265119
4430,106751454
4431,99487937
4432,88426361
4433,104071515
4434,102050585
4435,135821666
4436,107231557
4437,119501462
4438,97605444
4439,117846311
4440,101777304
4441,107093484
4442,93462177
4443,121865880
4444,121186925
4445,101244651
4446,95903262
4447,109871183
4448,103194487
4449,108404261
4450,102338761
4451,102000481
4452,127419924
4453,121884787
4454,103360216
4455,91882652
4456,102677353
4457,91222653
4458,107631867
4459,94121289
4460,100334550
4461,116342047
4462,88671569
4463,103271414
4464,100834392
4465,104874637
4466,86483243
4467,88090321
4468,92758169
4469,100859808
4470,113248567
4471,162375741
4472,85444341
4473,88309538
4474,97968047
4475,89787555
4476,82638413
4477,89546410
4478,89590316
4479,98105182
4480,105903228
4481,94075873
4482,122353171
4483,97394924
4484,88638184
4485,107878690
4486,96175033
4487,102526469
4488,154539883
4489,103386830
4490,99384969
4491,90200314
4492,96003419
4493,87030377
4494,104096932
4495,110266442
4496,147395481
4497,173145236
4498,101984127
4499,114269397
4500,100616476
4501,119120110
4502,114771688
4503,213492129
4504,153037180
4505,140472380
4506,127073312
4507,116747983
4508,100950797
4509,128653358
4510,132345689
4511,112798361
4512,111863833
4513,98746899
4514,100720434
4515,114479449
4516,155836858
4517,109095873
4518,123289887
4519,167362860
4520,134108287
4521,111010243
4522,108410408
4523,126034461
4524,94874882
4525,109337124
4526,148103240
4527,115119239
4528,114277158
4529,124761393
4530,115249342
4531,137798952
4532,104884430
4533,96181543
4534,119906514
4535,128115340
4536,133179594
4537,119038027
4538,114926375
4539,140448683
4540,120337294
4541,149442559
4542,163460843
4543,158944036
4544,115099760
4545,103322874
4546,113082579
4547,99722417
4548,139825664
4549,130882258
4550,102422981
4551,102400221
4552,111826074
4553,132404180
4554,143418673
4555,109566810
4556,125271599
4557,151052345
4558,104596411
4559,97422686
4560,118308343
4561,143366330
4562,138513637
4563,107512963
4564,112497217
4565,94583997
4566,94942277
4567,146685849
4568,168464628
4569,118720737
4570,111233263
4571,151232604
4572,123758637
4573,123346398
4574,123118743
4575,110354672
4576,152411403
4577,109271760
4578,151855467
4579,131278663
4580,109816393
4581,130554551
4582,144542680
4583,91074322
4584,97399978
4585,121533332
4586,127010501
4587,113336173
4588,117188034
4589,102674126
4590,156126650
4591,101493088
4592,162628555
4593,142480916
4594,182760153
4595,107774682
4596,98219090
4597,138512596
4598,112843726
4599,115670748
4600,108949626
4601,144477108
4602,153869575
4603,133196937
4604,124076448
4605,211528439
4606,110020872
4607,117946626
4608,99012159
4609,130435593
4610,167827392
4611,123736918
4612,122695255
4613,116980379
4614,163436678
4615,117887928
4616,184222284
4617,127102219
4618,130519916
4619,97393571
4620,102672772
4621,114806220
4622,102857251
4623,95738630
4624,110554881
4625,113704037
4626,99769501
4627,158848829
4628,135277765
4629,131584131
4630,130976425
4631,124089782
4632,111795919
4633,152873537
4634,116704391
4635,154040044
4636,122221768
4637,173779767
4638,144494243
4639,126111130
4640,120763283
4641,157736489
4642,123328014
4643,127254719
4644,156934201
4645,144616222
4646,130160126
4647,151863698
4648,114680700
4649,145576323
4650,105082139
4651,109634154
4652,158056957
4653,122242601
4654,131891162
4655,95608943
4656,145706531
4657,190749710
4658,153684577
4659,139347751
4660,134909225
4661,107571975
4662,155693476
4663,168182443
4664,124964988
4665,123220567
4666,134598705
4667,122924682
4668,110073842
4669,118008605
4670,112814092
4671,149535945
4672,148163138
4673,108902595
4674,133456573
4675,119710371
4676,163750897
4677,126587378
4678,104498079
4679,135205161
4680,139140252
4681,122466819
4682,145230283
4683,135198911
4684,111239410
4685,137425831
4686,104801984
4687,130836062
4688,108101712
4689,142737531
4690,132680379
4691,117828710
4692,134658965
4693,135554379
4694,114596170
4695,124596188
4696,131502413
4697,116641996
4698,105477191
4699,101728141
4700,133021887
4701,101588610
4702,139740927
4703,140620091
4704,95755557
4705,115401011
4706,170182645
4707,135941044
4708,119187248
4709,137219113
4710,115956061
4711,117124651
4712,107260726
4713,103920217
4714,174764037
4715,111486545
4716,113582371
4717,116046947
4718,188381490
4719,122826038
4720,127831697
4721,115900436
4722,118840218
4723,131094551
4724,114523046
4725,109576916
4726,137131405
4727,157593575
4728,116734444
4729,117331005
4730,117899180
4731,115635177
4732,158403936
4733,161671321
4734,141019309
4735,111228942
4736,127292480
4737,120246828
4738,148781001
4739,107365101
4740,113532788
4741,197631667
4742,144536901
4743,115415594
4744,161033511
4745,128003208
4746,129165495
4747,151507086
4748,133960167
4749,144810910
4750,125639466
4751,117339182
4752,114798253
4753,125460977
4754,234083053
4755,116025749
4756,175278567
4757,174086123
4758,140901028
4759,107872652
4760,175318879
4761,198735362
4762,96903262
4763,113911328
4764,116910954
4765,135262766
4766,139709470
4767,115104294
4768,142042222
4769,162802151
4770,111862742
4771,151477138
4772,126494828
4773,121058440
4774,92387966
4775,102338765
4776,133667407
4777,113027739
4778,106275782
4779,133432044
4780,151425784
4781,141826285
4782,106683594
4783,138158121
4784,131879809
4785,115322418
4786,130431898
4787,134848236
4788,169544368
4789,118808604
4790,133765792
4791,119506831
4792,184490723
4793,133755376
4794,127438627
4795,123408171
4796,154244108
4797,126175089
4798,114501119
4799,95780194
4800,117894389
4801,146776737
4802,176638094
4803,111168995
4804,111423786
4805,115968927
4806,148124390
4807,112717948
4808,134538603
4809,118500376
4810,136117555
4811,149569541
4812,124232335
4813,224841159
4814,109525668
4815,129324662
4816,122053593
4817,129202995
4818,130570439
4819,156833474
4820,130779397
4821,128710550
4822,157540868
4823,142610085
4824,101565017
4825,145186483
4826,147411163
4827,95141810
4828,129386016
4829,146133407
4830,120020683
4831,142301545
4832,107304946
4833,151849221
4834,121663491
4835,127486857
4836,116869132
4837,116360540
4838,105361359
4839,135561204
4840,108328693
4841,108992389
4842,129017841
4843,118040691
4844,105653597
4845,145288462
4846,94652854
4847,156471861
4848,128849403
4849,131588197
4850,184339422
4851,159773673
4852,135880161
4853,120593077
4854,157708108
4855,135616776
4856,111746025
4857,202250611
4858,139154733
4859,130927365
4860,164153085
4861,118435533
4862,89703339
4863,118553657
4864,99327578
4865,141492590
4866,107472445
4867,180828914
4868,129836483
4869,138079268
4870,141917172
4871,134852039
4872,152050053
4873,142052745
4874,147732308
4875,100864604
4876,157534983
4877,132468506
4878,121079951
4879,271685271
4880,121688334
4881,97688417
4882,121193076
4883,103645896
4884,130906532
4885,95045561
4886,107531508
4887,122786351
4888,127304565
4889,118886990
4890,168238905
4891,109515148
4892,115203565
4893,133052150
4894,125912487
4895,99071016
4896,156110769
4897,115273929
4898,102159912
4899,136465628
4900,97051648
4901,156384102
4902,217445404
4903,138434945
4904,195756260
4905,121219222
4906,134207980
4907,112615970
4908,113197426
4909,114818358
4910,110487592
4911,161986843
4912,112005972
4913,159578935
4914,100837312
4915,131193146
4916,129159507
4917,112426856
4918,176635127
4919,133595013
4920,95341393
4921,155658949
4922,136003859
4923,166916253
4924,112616491
4925,121229951
4926,94749208
4927,132941734
4928,116153198
4929,161542106
4930,164680636
4931,93006454
4932,143797947
4933,119591103
4934,113906226
4935,122181771
4936,119684488
4937,103452460
4938,104514175
4939,135822141
4940,110808476
4941,128511489
4942,144380394
4943,111678317
4944,104559800
4945,113168103
4946,117251579
4947,154330359
4948,160177944
4949,134177772
4950,130844658
4951,150358602
4952,134226626
4953,136325317
4954,172286288
4955,114299610
4956,113937059
4957,122310417
4958,130721274
4959,137265314
4960,153289739
4961,188034099
4962,117005799
4963,115763773
4964,113644873
4965,159547217
4966,145148724
4967,124743586
4968,136298754
4969,120306049
4970,142108161
4971,106841459
4972,131764187
4973,123595360
4974,129871954
4975,94929676
4976,155781761
4977,99876483
4978,136660628
4979,132246789
4980,113630759
4981,111732068
4982,121065160
4983,127974251
4984,148242776
4985,116127105
4986,139548640
4987,95464571
4988,129455185
4989,113181698
4990,145162214
4991,140944572
4992,159636383
4993,113027428
4994,120802765
4995,137884479
4996,114562943
4997,114748880
4998,136047506
4999,117226528
